date,approve_estimate
1/23/17,46
1/24/17,46
1/25/17,48.61617
1/26/17,44.62692
1/27/17,44.38777
1/28/17,44.38777
1/29/17,44.74559
1/30/17,44.67257
1/31/17,45.01149
2/1/17,45.86395
2/2/17,45.88868
2/3/17,46.21463
2/4/17,46.21463
2/5/17,46.77325
2/6/17,46.66296
2/7/17,46.92523
2/8/17,46.69795
2/9/17,46.23419
2/10/17,46.21808
2/11/17,46.31055
2/12/17,46.31055
2/13/17,45.41359
2/14/17,46.16746
2/15/17,46.32353
2/16/17,46.53775
2/17/17,46.66242
2/18/17,46.48179
2/19/17,46.48179
2/20/17,45.56286
2/21/17,45.53262
2/22/17,44.294
2/23/17,44.84227
2/24/17,44.86759
2/25/17,44.86759
2/26/17,44.86759
2/27/17,44.77391
2/28/17,44.69143
3/1/17,45.15903
3/2/17,45.23322
3/3/17,45.63852
3/4/17,45.63852
3/5/17,45.63852
3/6/17,45.36596
3/7/17,45.46577
3/8/17,45.37472
3/9/17,45.35116
3/10/17,45.5193
3/11/17,45.73587
3/12/17,45.73587
3/13/17,45.58329
3/14/17,45.47269
3/15/17,44.59151
3/16/17,44.63105
3/17/17,44.47798
3/18/17,44.47798
3/19/17,44.47798
3/20/17,44.52505
3/21/17,44.61454
3/22/17,44.10851
3/23/17,44.11869
3/24/17,44.35612
3/25/17,44.35612
3/26/17,44.35612
3/27/17,44.28436
3/28/17,43.37658
3/29/17,43.23234
3/30/17,42.78091
3/31/17,41.77287
4/1/17,41.77287
4/2/17,41.77287
4/3/17,41.49263
4/4/17,41.28366
4/5/17,41.72259
4/6/17,41.74047
4/7/17,41.51286
4/8/17,41.51286
4/9/17,41.51286
4/10/17,41.39298
4/11/17,42.56668
4/12/17,42.83318
4/13/17,42.90318
4/14/17,42.73984
4/15/17,42.73984
4/16/17,42.73984
4/17/17,43.4188
4/18/17,43.50145
4/19/17,44.00313
4/20/17,44.05973
4/21/17,44.04811
4/22/17,44.04811
4/23/17,44.04811
4/24/17,44.23955
4/25/17,43.502
4/26/17,44.06063
4/27/17,43.94151
4/28/17,44.18594
4/29/17,44.18594
4/30/17,44.18594
5/1/17,44.12144
5/2/17,44.19493
5/3/17,44.34391
5/4/17,44.23395
5/5/17,44.06768
5/6/17,44.32235
5/7/17,44.32235
5/8/17,44.14452
5/9/17,44.17577
5/10/17,42.81641
5/11/17,42.88606
5/12/17,42.59069
5/13/17,42.59069
5/14/17,42.85477
5/15/17,42.67153
5/16/17,41.78514
5/17/17,41.0498
5/18/17,40.4189
5/19/17,39.62964
5/20/17,39.62964
5/21/17,39.62964
5/22/17,39.63826
5/23/17,40.24492
5/24/17,39.81437
5/25/17,39.91333
5/26/17,40.22279
5/27/17,40.15144
5/28/17,40.15144
5/29/17,40.06456
5/30/17,40.42588
5/31/17,40.34653
6/1/17,40.30403
6/2/17,40.41716
6/3/17,40.41716
6/4/17,40.13013
6/5/17,40.30796
6/6/17,40.25127
6/7/17,39.47573
6/8/17,39.56704
6/9/17,39.4872
6/10/17,39.4872
6/11/17,39.4872
6/12/17,39.8111
6/13/17,39.90106
6/14/17,40.24654
6/15/17,40.40865
6/16/17,41.08271
6/17/17,41.08271
6/18/17,41.08271
6/19/17,41.07663
6/20/17,41.74133
6/21/17,41.27916
6/22/17,41.33515
6/23/17,42.15164
6/24/17,42.15164
6/25/17,42.15164
6/26/17,42.26113
6/27/17,41.78716
6/28/17,41.81993
6/29/17,41.86575
6/30/17,41.68539
7/1/17,41.68539
7/2/17,41.68539
7/3/17,41.5316
7/4/17,41.50266
7/5/17,41.05097
7/6/17,40.9981
7/7/17,40.9719
7/8/17,40.9719
7/9/17,40.9719
7/10/17,40.97753
7/11/17,41.28938
7/12/17,41.33458
7/13/17,41.25047
7/14/17,41.46821
7/15/17,41.46784
7/16/17,40.88952
7/17/17,40.74656
7/18/17,40.80437
7/19/17,40.23778
7/20/17,40.24314
7/21/17,39.92391
7/22/17,39.92391
7/23/17,39.92391
7/24/17,40.00105
7/25/17,40.00367
7/26/17,40.10891
7/27/17,39.90546
7/28/17,38.97818
7/29/17,38.97818
7/30/17,38.97818
7/31/17,38.83294
8/1/17,38.21495
8/2/17,37.31966
8/3/17,37.2991
8/4/17,37.27709
8/5/17,37.27709
8/6/17,37.39128
8/7/17,37.74126
8/8/17,38.25177
8/9/17,38.39414
8/10/17,38.53228
8/11/17,39.34763
8/12/17,39.34763
8/13/17,39.34763
8/14/17,39.25485
8/15/17,39.32666
8/16/17,39.79543
8/17/17,40.14403
8/18/17,39.6217
8/19/17,39.6217
8/20/17,39.6217
8/21/17,39.59126
8/22/17,39.12299
8/23/17,38.47126
8/24/17,38.61401
8/25/17,38.49583
8/26/17,38.49583
8/27/17,38.49583
8/28/17,38.49717
8/29/17,38.09775
8/30/17,38.63689
8/31/17,38.60115
9/1/17,38.72445
9/2/17,38.72445
9/3/17,38.72445
9/4/17,38.7773
9/5/17,39.3034
9/6/17,39.78395
9/7/17,39.82632
9/8/17,40.44044
9/9/17,40.44044
9/10/17,40.44044
9/11/17,40.31529
9/12/17,39.55527
9/13/17,39.74465
9/14/17,40.09134
9/15/17,40.4518
9/16/17,40.4518
9/17/17,40.4518
9/18/17,40.48919
9/19/17,40.38954
9/20/17,40.86275
9/21/17,40.87155
9/22/17,41.25188
9/23/17,41.25188
9/24/17,41.49499
9/25/17,41.57793
9/26/17,41.01126
9/27/17,40.31173
9/28/17,40.31269
9/29/17,40.34256
9/30/17,40.34256
10/1/17,40.34256
10/2/17,40.15312
10/3/17,40.37353
10/4/17,40.7621
10/5/17,40.60885
10/6/17,40.17117
10/7/17,40.17117
10/8/17,40.17117
10/9/17,40.09864
10/10/17,40.01473
10/11/17,40.12806
10/12/17,40.22272
10/13/17,39.6197
10/14/17,39.6197
10/15/17,39.6197
10/16/17,40.2318
10/17/17,39.582
10/18/17,39.87877
10/19/17,39.58765
10/20/17,39.44123
10/21/17,39.44123
10/22/17,39.44123
10/23/17,39.28416
10/24/17,38.9423
10/25/17,38.67745
10/26/17,39.07314
10/27/17,38.7843
10/28/17,38.7843
10/29/17,38.7843
10/30/17,38.96075
10/31/17,38.73505
11/1/17,39.45043
11/2/17,39.50467
11/3/17,38.97559
11/4/17,38.97559
11/5/17,38.76653
11/6/17,38.76372
11/7/17,38.78378
11/8/17,38.78871
11/9/17,38.82508
11/10/17,38.91225
11/11/17,38.91225
11/12/17,38.91225
11/13/17,39.11507
11/14/17,38.96594
11/15/17,39.02678
11/16/17,39.17174
11/17/17,39.28837
11/18/17,39.28837
11/19/17,39.22339
11/20/17,39.11744
11/21/17,39.89044
11/22/17,40.0748
11/23/17,40.0748
11/24/17,40.0748
11/25/17,40.0748
11/26/17,40.0748
11/27/17,40.05172
11/28/17,39.71597
11/29/17,40.27305
11/30/17,40.03595
12/1/17,40.03389
12/2/17,40.03389
12/3/17,40.03389
12/4/17,39.90506
12/5/17,39.69933
12/6/17,40.18172
12/7/17,39.37215
12/8/17,39.24728
12/9/17,39.24728
12/10/17,39.03798
12/11/17,39.00207
12/12/17,39.10435
12/13/17,38.08359
12/14/17,38.49307
12/15/17,38.28982
12/16/17,38.28982
12/17/17,38.28982
12/18/17,38.38718
12/19/17,38.20256
12/20/17,38.77604
12/21/17,38.74059
12/22/17,38.84623
12/23/17,38.84623
12/24/17,38.84623
12/25/17,38.84623
12/26/17,38.8737
12/27/17,39.06779
12/28/17,39.59424
12/29/17,39.47977
12/30/17,39.47977
12/31/17,39.47977
1/1/18,39.47977
1/2/18,39.89989
1/3/18,40.21217
1/4/18,40.28809
1/5/18,40.64473
1/6/18,40.64473
1/7/18,40.64473
1/8/18,40.48848
1/9/18,40.5409
1/10/18,40.85157
1/11/18,40.9217
1/12/18,40.67689
1/13/18,40.67689
1/14/18,40.67689
1/15/18,40.84966
1/16/18,41.6681
1/17/18,41.63647
1/18/18,41.49497
1/19/18,41.31607
1/20/18,41.31607
1/21/18,41.39082
1/22/18,40.72579
1/23/18,40.41182
1/24/18,41.14259
1/25/18,40.7399
1/26/18,40.48121
1/27/18,40.48121
1/28/18,40.48121
1/29/18,40.38136
1/30/18,40.68484
1/31/18,41.70512
2/1/18,42.01125
2/2/18,42.3483
2/3/18,42.38263
2/4/18,42.38263
2/5/18,42.46733
2/6/18,42.77346
2/7/18,43.29857
2/8/18,43.32616
2/9/18,43.31694
2/10/18,43.31694
2/11/18,43.31694
2/12/18,43.30393
2/13/18,42.79964
2/14/18,43.15522
2/15/18,43.00751
2/16/18,43.03395
2/17/18,43.03395
2/18/18,43.03395
2/19/18,43.04725
2/20/18,43.03841
2/21/18,41.58496
2/22/18,41.70066
2/23/18,42.07542
2/24/18,42.07542
2/25/18,41.42073
2/26/18,41.62282
2/27/18,41.69873
2/28/18,42.09689
3/1/18,42.70711
3/2/18,42.28911
3/3/18,42.28911
3/4/18,42.28911
3/5/18,42.33316
3/6/18,42.36044
3/7/18,41.3746
3/8/18,41.92076
3/9/18,41.95938
3/10/18,41.95938
3/11/18,41.95938
3/12/18,41.94425
3/13/18,42.08287
3/14/18,41.90339
3/15/18,42.00203
3/16/18,41.56427
3/17/18,41.56427
3/18/18,41.56427
3/19/18,41.74577
3/20/18,42.0102
3/21/18,41.84569
3/22/18,41.91279
3/23/18,42.10215
3/24/18,41.95313
3/25/18,42.35456
3/26/18,42.51164
3/27/18,41.54846
3/28/18,41.04078
3/29/18,41.06978
3/30/18,41.3702
3/31/18,41.3702
4/1/18,41.3702
4/2/18,41.64708
4/3/18,41.39609
4/4/18,41.36893
4/5/18,41.3074
4/6/18,41.01259
4/7/18,41.01259
4/8/18,41.01259
4/9/18,41.16166
4/10/18,41.75703
4/11/18,41.79477
4/12/18,41.77796
4/13/18,41.82263
4/14/18,41.82263
4/15/18,41.82263
4/16/18,42.53479
4/17/18,42.33051
4/18/18,41.69412
4/19/18,41.80221
4/20/18,41.86242
4/21/18,41.86242
4/22/18,41.86242
4/23/18,41.86631
4/24/18,41.7774
4/25/18,42.11814
4/26/18,42.22429
4/27/18,42.23556
4/28/18,42.05209
4/29/18,42.05209
4/30/18,42.08463
5/1/18,43.46177
5/2/18,43.28582
5/3/18,43.54569
5/4/18,43.6785
5/5/18,44.46766
5/6/18,44.46766
5/7/18,44.40765
5/8/18,44.27958
5/9/18,43.90227
5/10/18,43.78321
5/11/18,43.86341
5/12/18,44.05393
5/13/18,44.05393
5/14/18,43.98285
5/15/18,44.40396
5/16/18,44.02909
5/17/18,44.0947
5/18/18,43.97738
5/19/18,43.97738
5/20/18,43.97738
5/21/18,43.82499
5/22/18,44.31966
5/23/18,43.61057
5/24/18,43.5501
5/25/18,43.59041
5/26/18,43.79807
5/27/18,43.79807
5/28/18,43.84
5/29/18,43.78471
5/30/18,43.83958
5/31/18,42.98384
6/1/18,43.01175
6/2/18,43.15339
6/3/18,43.15339
6/4/18,43.17106
6/5/18,42.83619
6/6/18,42.50404
6/7/18,43.0961
6/8/18,43.00425
6/9/18,42.79602
6/10/18,42.79602
6/11/18,42.78002
6/12/18,42.87965
6/13/18,42.78136
6/14/18,43.3681
6/15/18,43.42542
6/16/18,43.42542
6/17/18,43.42542
6/18/18,42.97183
6/19/18,43.08958
6/20/18,43.46984
6/21/18,43.33474
6/22/18,43.16301
6/23/18,43.16301
6/24/18,43.16301
6/25/18,43.1451
6/26/18,43.1865
6/27/18,43.1776
6/28/18,43.17663
6/29/18,42.97145
6/30/18,42.97145
7/1/18,42.93697
7/2/18,43.01169
7/3/18,42.79001
7/4/18,42.79001
7/5/18,43.15408
7/6/18,43.24845
7/7/18,43.24845
7/8/18,43.34873
7/9/18,43.14231
7/10/18,42.96598
7/11/18,43.08789
7/12/18,43.54289
7/13/18,43.22959
7/14/18,43.4221
7/15/18,43.4221
7/16/18,43.28642
7/17/18,43.12508
7/18/18,42.77056
7/19/18,42.7691
7/20/18,42.9778
7/21/18,42.87643
7/22/18,43.08591
7/23/18,42.62905
7/24/18,42.16222
7/25/18,42.54901
7/26/18,42.53392
7/27/18,42.75357
7/28/18,42.75357
7/29/18,42.73167
7/30/18,42.88094
7/31/18,43.17537
8/1/18,42.97926
8/2/18,43.22049
8/3/18,43.13605
8/4/18,43.13605
8/5/18,43.13605
8/6/18,43.11097
8/7/18,43.14393
8/8/18,43.42355
8/9/18,43.57416
8/10/18,43.5351
8/11/18,43.5351
8/12/18,43.5351
8/13/18,43.66196
8/14/18,43.84809
8/15/18,43.68356
8/16/18,43.711
8/17/18,43.56767
8/18/18,43.56767
8/19/18,43.56767
8/20/18,43.4515
8/21/18,43.33063
8/22/18,42.87815
8/23/18,42.80038
8/24/18,42.34155
8/25/18,42.34155
8/26/18,42.60069
8/27/18,42.6465
8/28/18,42.18199
8/29/18,42.26508
8/30/18,42.37328
8/31/18,42.4197
9/1/18,42.4197
9/2/18,42.4197
9/3/18,41.62132
9/4/18,41.62132
9/5/18,41.97416
9/6/18,42.20895
9/7/18,42.38865
9/8/18,42.45607
9/9/18,42.45607
9/10/18,41.30315
9/11/18,41.29042
9/12/18,40.61292
9/13/18,40.7944
9/14/18,40.93293
9/15/18,41.18386
9/16/18,41.18386
9/17/18,41.53277
9/18/18,42.41969
9/19/18,42.27726
9/20/18,42.47611
9/21/18,42.92581
9/22/18,43.03456
9/23/18,43.78153
9/24/18,43.81634
9/25/18,43.68663
9/26/18,43.4899
9/27/18,43.48447
9/28/18,43.50611
9/29/18,43.54089
9/30/18,43.54089
10/1/18,43.13089
10/2/18,43.11298
10/3/18,43.38432
10/4/18,43.66148
10/5/18,43.58519
10/6/18,43.83076
10/7/18,43.71084
10/8/18,43.75935
10/9/18,43.46759
10/10/18,42.8601
10/11/18,43.04139
10/12/18,43.04792
10/13/18,43.06012
10/14/18,43.09204
10/15/18,43.30664
10/16/18,43.2679
10/17/18,43.90088
10/18/18,43.9041
10/19/18,43.68245
10/20/18,43.76139
10/21/18,43.89709
10/22/18,43.97047
10/23/18,44.01097
10/24/18,44.29115
10/25/18,44.13043
10/26/18,43.92102
10/27/18,44.00035
10/28/18,44.05027
10/29/18,43.95501
10/30/18,43.81819
10/31/18,43.49135
11/1/18,43.3008
11/2/18,43.49814
11/3/18,43.58811
11/4/18,43.93788
11/5/18,43.56351
11/6/18,43.46575
11/7/18,43.95908
11/8/18,43.974
11/9/18,43.99274
11/10/18,43.99274
11/11/18,43.99274
11/12/18,43.75782
11/13/18,43.42043
11/14/18,43.41381
11/15/18,43.50974
11/16/18,43.5631
11/17/18,43.5631
11/18/18,43.54309
11/19/18,43.66652
11/20/18,43.67185
11/21/18,44.231
11/22/18,44.24029
11/23/18,44.24029
11/24/18,44.24029
11/25/18,44.24561
11/26/18,44.24561
11/27/18,44.57539
11/28/18,44.46817
11/29/18,44.3835
11/30/18,44.39586
12/1/18,44.33083
12/2/18,44.31874
12/3/18,44.04657
12/4/18,43.61461
12/5/18,43.86594
12/6/18,43.32276
12/7/18,43.41546
12/8/18,43.44135
12/9/18,43.56701
12/10/18,43.47831
12/11/18,42.74178
12/12/18,43.29251
12/13/18,43.47062
12/14/18,43.34373
12/15/18,43.34373
12/16/18,43.35625
12/17/18,43.29996
12/18/18,43.58849
12/19/18,43.08582
12/20/18,43.11878
12/21/18,43.19737
12/22/18,43.22877
12/23/18,43.22877
12/24/18,43.04998
12/25/18,43.00541
12/26/18,42.50584
12/27/18,42.5213
12/28/18,42.49585
12/29/18,42.50721
12/30/18,42.51141
12/31/18,42.56866
1/1/19,42.50409
1/2/19,42.34768
1/3/19,42.31845
1/4/19,42.32024
1/5/19,42.26724
1/6/19,42.26724
1/7/19,42.22881
1/8/19,42.00666
1/9/19,42.00117
1/10/19,41.92067
1/11/19,41.91311
1/12/19,41.91363
1/13/19,41.81806
1/14/19,41.66304
1/15/19,41.86878
1/16/19,41.31862
1/17/19,41.28986
1/18/19,41.39695
1/19/19,41.39695
1/20/19,41.42671
1/21/19,41.33651
1/22/19,41.42202
1/23/19,41.07663
1/24/19,41.03642
1/25/19,40.40027
1/26/19,40.40027
1/27/19,40.42616
1/28/19,40.9616
1/29/19,40.87305
1/30/19,40.77748
1/31/19,40.76448
2/1/19,40.72831
2/2/19,40.76747
2/3/19,40.7788
2/4/19,41.01645
2/5/19,41.49454
2/6/19,41.62054
2/7/19,41.76154
2/8/19,41.98431
2/9/19,41.98431
2/10/19,42.04487
2/11/19,42.14777
2/12/19,42.27277
2/13/19,42.83984
2/14/19,42.84945
2/15/19,42.90593
2/16/19,42.95282
2/17/19,42.96331
2/18/19,42.97749
2/19/19,42.7675
2/20/19,42.88668
2/21/19,42.85559
2/22/19,43.25957
2/23/19,43.25957
2/24/19,43.2385
2/25/19,43.19084
2/26/19,42.69373
2/27/19,42.75151
2/28/19,42.89241
3/1/19,42.83979
3/2/19,42.73643
3/3/19,42.64135
3/4/19,42.55911
3/5/19,41.76803
3/6/19,42.23935
3/7/19,42.43244
3/8/19,42.54274
3/9/19,42.57926
3/10/19,42.57926
3/11/19,42.5494
3/12/19,42.51807
3/13/19,42.64162
3/14/19,42.82355
3/15/19,42.68256
3/16/19,42.72493
3/17/19,42.72636
3/18/19,42.85701
3/19/19,42.55615
3/20/19,42.53457
3/21/19,42.63582
3/22/19,42.87403
3/23/19,42.87403
3/24/19,43.18447
3/25/19,43.39223
3/26/19,42.41875
3/27/19,42.65763
3/28/19,42.69593
3/29/19,43.04285
3/30/19,43.04285
3/31/19,43.12605
4/1/19,43.14048
4/2/19,43.02574
4/3/19,43.22319
4/4/19,43.20959
4/5/19,43.29223
4/6/19,43.26601
4/7/19,43.22304
4/8/19,43.32839
4/9/19,42.64828
4/10/19,42.56272
4/11/19,42.61239
4/12/19,42.51073
4/13/19,42.51073
4/14/19,42.5415
4/15/19,42.35459
4/16/19,42.57107
4/17/19,42.84515
4/18/19,42.85012
4/19/19,42.80421
4/20/19,42.77319
4/21/19,42.77319
4/22/19,42.16531
4/23/19,42.33819
4/24/19,42.41169
4/25/19,42.45556
4/26/19,42.52747
4/27/19,42.49869
4/28/19,42.49869
4/29/19,42.52669
4/30/19,42.38634
5/1/19,42.9759
5/2/19,43.22665
5/3/19,43.25917
5/4/19,43.25917
5/5/19,43.25917
5/6/19,43.31911
5/7/19,43.28363
5/8/19,43.07555
5/9/19,43.07478
5/10/19,43.05749
5/11/19,43.04588
5/12/19,43.04588
5/13/19,42.93863
5/14/19,43.03286
5/15/19,42.6801
5/16/19,42.50833
5/17/19,42.37827
5/18/19,42.32533
5/19/19,42.32533
5/20/19,42.17826
5/21/19,41.97973
5/22/19,41.98075
5/23/19,42.14296
5/24/19,42.11361
5/25/19,42.11361
5/26/19,42.11361
5/27/19,42.07652
5/28/19,42.08245
5/29/19,42.07836
5/30/19,42.18365
5/31/19,42.28378
6/1/19,42.28378
6/2/19,42.54643
6/3/19,42.65364
6/4/19,42.84028
6/5/19,42.78265
6/6/19,42.33584
6/7/19,42.54494
6/8/19,42.56394
6/9/19,42.56394
6/10/19,42.78373
6/11/19,42.76709
6/12/19,42.89414
6/13/19,43.18822
6/14/19,43.35339
6/15/19,43.35339
6/16/19,43.52073
6/17/19,43.29304
6/18/19,43.13414
6/19/19,43.39155
6/20/19,43.44824
6/21/19,43.48903
6/22/19,43.46454
6/23/19,43.40474
6/24/19,43.26168
6/25/19,42.77933
6/26/19,42.7098
6/27/19,42.85568
6/28/19,42.87024
6/29/19,42.87017
6/30/19,42.86689
7/1/19,42.78076
7/2/19,43.13011
7/3/19,43.27773
7/4/19,43.27773
7/5/19,43.27773
7/6/19,43.27773
7/7/19,44.0078
7/8/19,44.02522
7/9/19,43.70581
7/10/19,43.66334
7/11/19,43.19458
7/12/19,43.21665
7/13/19,43.19133
7/14/19,43.22157
7/15/19,43.16745
7/16/19,43.02334
7/17/19,43.28456
7/18/19,43.24652
7/19/19,43.43604
7/20/19,43.43604
7/21/19,43.43604
7/22/19,43.72396
7/23/19,43.20112
7/24/19,43.29924
7/25/19,43.2421
7/26/19,42.90155
7/27/19,42.90329
7/28/19,42.90733
7/29/19,42.88336
7/30/19,43.31136
7/31/19,42.7958
8/1/19,42.88264
8/2/19,42.85614
8/3/19,42.82935
8/4/19,42.91727
8/5/19,43.01029
8/6/19,43.18039
8/7/19,42.79287
8/8/19,42.90422
8/9/19,42.79941
8/10/19,42.8211
8/11/19,42.83628
8/12/19,42.71815
8/13/19,42.57611
8/14/19,42.36597
8/15/19,43.01258
8/16/19,42.94289
8/17/19,42.94289
8/18/19,42.94289
8/19/19,42.97809
8/20/19,42.80458
8/21/19,42.45544
8/22/19,42.30774
8/23/19,42.50792
8/24/19,42.54197
8/25/19,42.5766
8/26/19,42.51286
8/27/19,42.29822
8/28/19,42.20761
8/29/19,42.23142
8/30/19,42.17182
8/31/19,42.17182
9/1/19,42.17182
9/2/19,42.03629
9/3/19,42.61919
9/4/19,42.63621
9/5/19,42.65997
9/6/19,42.67852
9/7/19,42.64939
9/8/19,42.59635
9/9/19,42.62912
9/10/19,42.54695
9/11/19,43.02641
9/12/19,43.10069
9/13/19,43.05273
9/14/19,43.05273
9/15/19,43.01107
9/16/19,42.9939
9/17/19,43.03273
9/18/19,43.20145
9/19/19,43.25356
9/20/19,43.41684
9/21/19,43.40904
9/22/19,43.52413
9/23/19,43.33599
9/24/19,44.31136
9/25/19,43.77356
9/26/19,43.4763
9/27/19,43.41953
9/28/19,43.41953
9/29/19,43.41953
9/30/19,43.02348
10/1/19,42.98708
10/2/19,42.26967
10/3/19,42.20511
10/4/19,42.34288
10/5/19,42.34288
10/6/19,42.34288
10/7/19,42.29251
10/8/19,42.32663
10/9/19,42.1762
10/10/19,42.69854
10/11/19,42.97621
10/12/19,42.92044
10/13/19,42.9761
10/14/19,42.62624
10/15/19,42.63546
10/16/19,42.81119
10/17/19,42.59619
10/18/19,42.60291
10/19/19,42.60291
10/20/19,42.59493
10/21/19,41.83702
10/22/19,41.75919
10/23/19,41.2116
10/24/19,41.05421
10/25/19,41.21744
10/26/19,41.269317
10/27/19,41.365285
10/28/19,41.411454
10/29/19,41.818206
10/30/19,42.376165
10/31/19,42.026711
11/1/19,41.761986
11/2/19,41.770568
11/3/19,41.616795
11/4/19,41.520588
11/5/19,42.290878
11/6/19,42.047135
11/7/19,42.334364
11/8/19,42.345681
11/9/19,42.345681
11/10/19,42.345681
11/11/19,42.422535
11/12/19,42.00399
11/13/19,41.921124
11/14/19,42.158859
11/15/19,42.166843
11/16/19,42.166843
11/17/19,42.166843
11/18/19,42.14946
11/19/19,42.631384
11/20/19,42.566135
11/21/19,43.036843
11/22/19,43.032958
11/23/19,43.032958
11/24/19,43.032958
11/25/19,42.79208
11/26/19,42.613189
11/27/19,42.68882
11/28/19,42.68882
11/29/19,42.68882
11/30/19,42.688961
12/1/19,42.688961
12/2/19,42.606101
12/3/19,42.754576
12/4/19,42.877311
12/5/19,43.126379
12/6/19,43.098758
12/7/19,43.098758
12/8/19,43.098758
12/9/19,43.288615
12/10/19,43.40313
12/11/19,43.134108
12/12/19,43.089496
12/13/19,43.093035
12/14/19,43.054161
12/15/19,44.128887
12/16/19,44.436099
12/17/19,44.845494
12/18/19,44.589122
12/19/19,44.591513
12/20/19,44.393803
12/21/19,44.393803
12/22/19,44.393803
12/23/19,43.481986
12/24/19,43.505776
12/25/19,43.460102
12/26/19,43.464971
12/27/19,43.342017
12/28/19,43.342017
12/29/19,43.334989
12/30/19,43.295235
12/31/19,43.433428
1/1/20,43.439696
1/2/20,43.439696
1/3/20,43.630267
1/4/20,43.630267
1/5/20,43.630267
1/6/20,43.461466
1/7/20,42.948346
1/8/20,42.731808
1/9/20,42.830361
1/10/20,42.874007
1/11/20,42.874007
1/12/20,42.874007
1/13/20,43.423036
1/14/20,43.465981
1/15/20,43.199324
1/16/20,43.60321
1/17/20,43.459467
1/18/20,43.459467
1/19/20,43.459467
1/20/20,43.86012
1/21/20,42.893962
1/22/20,42.908049
1/23/20,43.952599
1/24/20,44.827291
1/25/20,44.827291
1/26/20,44.825867
1/27/20,44.87548
1/28/20,44.760909
1/29/20,44.330772
1/30/20,44.26148
1/31/20,44.343219
2/1/20,44.233143
2/2/20,44.322535
2/3/20,44.076662
2/4/20,44.067537
2/5/20,43.785319
2/6/20,44.143581
2/7/20,44.315394
2/8/20,44.315428
2/9/20,44.315428
2/10/20,44.475435
2/11/20,44.241162
2/12/20,44.320303
2/13/20,44.016157
2/14/20,43.980874
2/15/20,43.980874
2/16/20,44.050822
2/17/20,44.682075
2/18/20,45.648356
2/19/20,45.79354
2/20/20,45.210504
2/21/20,44.09074
2/22/20,44.09074
2/23/20,44.09074
2/24/20,44.033721
2/25/20,44.219495
2/26/20,44.015076
2/27/20,44.094298
2/28/20,44.17519
2/29/20,44.032557
3/1/20,44.032557
3/2/20,43.730251
3/3/20,43.757786
3/4/20,43.830943
3/5/20,43.439084
3/6/20,43.325293
3/7/20,43.325293
3/8/20,43.325293
3/9/20,43.648825
3/10/20,43.615096
3/11/20,43.243008
3/12/20,43.264426
3/13/20,43.348265
3/14/20,43.348265
3/15/20,43.699202
3/16/20,43.855668
3/17/20,43.849942
3/18/20,43.723324
3/19/20,43.942604
3/20/20,43.338067
3/21/20,43.338067
3/22/20,43.338067
3/23/20,44.286483
3/24/20,44.969927
3/25/20,45.042247
3/26/20,45.500942
3/27/20,46.242087
3/28/20,46.260866
3/29/20,46.196054
3/30/20,45.855167
3/31/20,45.908538
4/1/20,46.334424
4/2/20,46.014258
4/3/20,45.777346
4/4/20,45.701958
4/5/20,45.621096
4/6/20,45.482457
4/7/20,45.51366
4/8/20,45.186756
4/9/20,45.358204
4/10/20,44.938443
4/11/20,45.002785
4/12/20,44.941647
4/13/20,44.732763
4/14/20,44.645348
4/15/20,44.7615
4/16/20,44.477315
4/17/20,44.390624
4/18/20,44.452591
4/19/20,44.455582
4/20/20,44.318684
4/21/20,44.238495
4/22/20,43.933659
4/23/20,43.776987
4/24/20,43.816765
4/25/20,43.815235
4/26/20,43.815235
4/27/20,43.652574
4/28/20,42.691683
4/29/20,42.723025
4/30/20,42.842148
5/1/20,43.035872
5/2/20,43.145933
5/3/20,43.145933
5/4/20,43.3071
5/5/20,43.621702
5/6/20,44.069444
5/7/20,44.056065
5/8/20,44.105623
5/9/20,44.22521
5/10/20,44.22521
5/11/20,44.176054
5/12/20,44.654207
5/13/20,44.297034
5/14/20,44.292958
5/15/20,44.288291
5/16/20,44.221837
5/17/20,44.221837
5/18/20,44.102952
5/19/20,43.702583
5/20/20,43.800054
5/21/20,43.228182
5/22/20,43.037367
5/23/20,43.037367
5/24/20,43.037367
5/25/20,42.800166
5/26/20,42.812703
5/27/20,42.714451
5/28/20,42.912593
5/29/20,42.90888
5/30/20,42.90888
5/31/20,43.388398
6/1/20,43.201541
6/2/20,42.869312
6/3/20,42.70874
6/4/20,42.379172
6/5/20,42.203073
6/6/20,42.203073
6/7/20,42.282863
6/8/20,41.8713
6/9/20,41.733794
6/10/20,41.791798
6/11/20,41.520222
6/12/20,41.919534
6/13/20,41.919534
6/14/20,41.919534
6/15/20,41.817059
6/16/20,41.826764
6/17/20,41.592103
6/18/20,42.400976
6/19/20,42.352375
6/20/20,42.352375
6/21/20,42.352375
6/22/20,41.757222
6/23/20,41.669989
6/24/20,41.286854
6/25/20,40.82888
6/26/20,40.923345
6/27/20,40.923345
6/28/20,40.923345
6/29/20,41.138215
6/30/20,40.954983
7/1/20,40.691403
7/2/20,40.895036
7/3/20,40.985412
7/4/20,40.985412
7/5/20,40.985412
7/6/20,41.1416
7/7/20,40.863598
7/8/20,40.721666
7/9/20,40.740068
7/10/20,40.805233
7/11/20,40.805233
7/12/20,41.090612
7/13/20,41.132169
7/14/20,41.242419
7/15/20,40.902731
7/16/20,40.943184
7/17/20,40.739294
7/18/20,40.739294
7/19/20,41.139075
7/20/20,41.109678
7/21/20,40.844588
7/22/20,40.849557
7/23/20,40.931297
7/24/20,40.77583
7/25/20,40.77583
7/26/20,40.77583
7/27/20,40.383729
7/28/20,40.344463
7/29/20,41.138476
7/30/20,41.296759
7/31/20,42.200055
8/1/20,42.200055
8/2/20,42.200055
8/3/20,42.296033
8/4/20,42.254478
8/5/20,41.865495
8/6/20,41.782422
8/7/20,41.954913
8/8/20,41.954913
8/9/20,41.954913
8/10/20,41.988932
8/11/20,42.086772
8/12/20,42.414112
8/13/20,42.20424
8/14/20,41.996961
8/15/20,42.010432
8/16/20,42.393737
8/17/20,42.110153
8/18/20,42.186708
8/19/20,42.224615
8/20/20,42.37188
8/21/20,42.109292
8/22/20,42.178473
8/23/20,42.072002
8/24/20,42.553595
8/25/20,42.550279
8/26/20,43.226579
8/27/20,43.345831
8/28/20,42.93757
8/29/20,42.931703
8/30/20,42.931703
8/31/20,44.347452
9/1/20,44.523388
9/2/20,43.889747
9/3/20,43.901355
9/4/20,43.992693
9/5/20,43.992693
9/6/20,43.992693
9/7/20,44.052782
9/8/20,43.900108
9/9/20,43.194505
9/10/20,43.022355
9/11/20,43.021278
9/12/20,43.021278
9/13/20,43.784654
9/14/20,43.844448
9/15/20,43.807024
9/16/20,43.81705
9/17/20,43.707177
9/18/20,43.879983
9/19/20,43.879983
9/20/20,43.971201
9/21/20,43.095794
9/22/20,43.139061
9/23/20,43.47008
9/24/20,43.867556
9/25/20,43.919316
9/26/20,43.919316
9/27/20,44.28928
9/28/20,44.263237
9/29/20,44.259678
9/30/20,44.18968
10/1/20,44.121061
10/2/20,44.508121
10/3/20,44.988484
10/4/20,44.668253
10/5/20,43.922847
10/6/20,43.6834
10/7/20,43.75712
10/8/20,43.52966
10/9/20,43.547063
10/10/20,43.629402
10/11/20,43.761624
10/12/20,43.894777
10/13/20,43.729156
10/14/20,43.497041
10/15/20,43.263764
10/16/20,43.187329
10/17/20,43.187329
10/18/20,43.187329
10/19/20,43.136759
10/20/20,43.147115
10/21/20,42.463062
10/22/20,42.755192
10/23/20,42.869881
10/24/20,42.888814
10/25/20,42.886443
10/26/20,43.071957
10/27/20,43.1402
10/28/20,43.770355
10/29/20,44.419513
10/30/20,44.505406
10/31/20,45.256247
11/1/20,45.168995
11/2/20,45.266763
11/3/20,45.161822
11/4/20,45.060655
11/5/20,45.404977
11/6/20,45.479723
11/7/20,45.479723
11/8/20,45.479723
11/9/20,45.606504
11/10/20,45.617046
11/11/20,45.643669
11/12/20,45.080127
11/13/20,45.136705
11/14/20,45.371991
11/15/20,45.371991
11/16/20,45.41304
11/17/20,45.427358
11/18/20,44.550218
11/19/20,44.265107
11/20/20,44.181683
11/21/20,44.184853
11/22/20,44.184853
11/23/20,44.204869
11/24/20,44.446459
11/25/20,44.015151
11/26/20,44.015151
11/27/20,44.015151
11/28/20,44.019525
11/29/20,44.019525
11/30/20,44.073739
12/1/20,44.362786
12/2/20,43.6249
12/3/20,43.538979
12/4/20,43.53384
12/5/20,43.53384
12/6/20,43.53384
12/7/20,43.535725
12/8/20,44.010896
12/9/20,43.889287
12/10/20,44.203032
12/11/20,44.530381
12/12/20,44.530381
12/13/20,44.530381
12/14/20,44.372059
12/15/20,44.775859
12/16/20,44.468686
12/17/20,44.472804
12/18/20,44.361393
12/19/20,44.361393
12/20/20,44.361393
12/21/20,44.258078
12/22/20,44.138959
12/23/20,43.34809
12/24/20,43.287601
12/25/20,43.287601
12/26/20,43.287601
12/27/20,43.287601
12/28/20,43.287601
12/29/20,43.311698
12/30/20,43.386291
12/31/20,43.220872
1/1/21,43.220872
1/2/21,43.220872
1/3/21,43.220872
1/4/21,43.220872
1/5/21,43.328916
1/6/21,43.419193
1/7/21,43.018708
1/8/21,42.397032
1/9/21,42.397032
1/10/21,42.397032
1/11/21,40.973057
1/12/21,40.862447
1/13/21,40.262063
1/14/21,39.469377
1/15/21,39.664908
1/16/21,39.664908
1/17/21,40.236178
1/18/21,39.770617
1/19/21,40.15386
1/20/21,39.406442