date,approve_estimate,frequency
2017-01-23,46.0,4
2017-01-24,46.0,1
2017-01-25,48.61617,1
2017-01-26,44.62692,1
2017-01-27,44.38777,1
2017-01-28,44.38777,1
2017-01-29,44.74559,1
2017-01-30,44.67257,2
2017-01-31,45.01149,4
2017-02-01,45.86395,2
2017-02-02,45.88868,2
2017-02-03,46.21463,2
2017-02-04,46.21463,2
2017-02-05,46.77325,1
2017-02-06,46.66296,1
2017-02-07,46.92523,5
2017-02-08,46.69795,5
2017-02-09,46.23419,5
2017-02-10,46.21808,5
2017-02-11,46.31055,5
2017-02-12,46.31055,5
2017-02-13,45.41359,5
2017-02-14,46.16746,5
2017-02-15,46.32353,2
2017-02-16,46.53775,2
2017-02-17,46.66242,3
2017-02-18,46.48179,2
2017-02-19,46.48179,2
2017-02-20,45.56286,1
2017-02-21,45.53262,2
2017-02-22,44.294,2
2017-02-23,44.84227,2
2017-02-24,44.86759,3
2017-02-25,44.86759,1
2017-02-26,44.86759,1
2017-02-27,44.77391,1
2017-02-28,44.69143,1
2017-03-01,45.15903,1
2017-03-02,45.23322,2
2017-03-03,45.63852,2
2017-03-04,45.63852,5
2017-03-05,45.63852,4
2017-03-06,45.36596,6
2017-03-07,45.46577,6
2017-03-08,45.37472,2
2017-03-09,45.35116,1
2017-03-10,45.5193,2
2017-03-11,45.73587,2
2017-03-12,45.73587,2
2017-03-13,45.58329,1
2017-03-14,45.47269,3
2017-03-15,44.59151,3
2017-03-16,44.63105,3
2017-03-17,44.47798,3
2017-03-18,44.47798,3
2017-03-19,44.47798,2
2017-03-20,44.52505,4
2017-03-21,44.61454,1
2017-03-22,44.10851,4
2017-03-23,44.11869,2
2017-03-24,44.35612,1
2017-03-25,44.35612,1
2017-03-26,44.35612,1
2017-03-27,44.28436,1
2017-03-28,43.37658,1
2017-03-29,43.23234,2
2017-03-30,42.78091,2
2017-03-31,41.77287,1
2017-04-01,41.77287,1
2017-04-02,41.77287,1
2017-04-03,41.49263,1
2017-04-04,41.28366,3
2017-04-05,41.72259,2
2017-04-06,41.74047,2
2017-04-07,41.51286,2
2017-04-08,41.51286,2
2017-04-09,41.51286,2
2017-04-10,41.39298,2
2017-04-11,42.56668,1
2017-04-12,42.83318,1
2017-04-13,42.90318,1
2017-04-14,42.73984,1
2017-04-15,42.73984,1
2017-04-16,42.73984,1
2017-04-17,43.4188,1
2017-04-18,43.50145,1
2017-04-19,44.00313,1
2017-04-20,44.05973,1
2017-04-21,44.04811,1
2017-04-22,44.04811,1
2017-04-23,44.04811,1
2017-04-24,44.23955,1
2017-04-25,43.502,1
2017-04-26,44.06063,1
2017-04-27,43.94151,2
2017-04-28,44.18594,2
2017-04-29,44.18594,2
2017-04-30,44.18594,1
2017-05-01,44.12144,2
2017-05-02,44.19493,2
2017-05-03,44.34391,2
2017-05-04,44.23395,2
2017-05-05,44.06768,2
2017-05-06,44.32235,2
2017-05-07,44.32235,2
2017-05-08,44.14452,1
2017-05-09,44.17577,4
2017-05-10,42.81641,8
2017-05-11,42.88606,9
2017-05-12,42.59069,8
2017-05-13,42.59069,4
2017-05-14,42.85477,1
2017-05-15,42.67153,4
2017-05-16,41.78514,5
2017-05-17,41.0498,9
2017-05-18,40.4189,4
2017-05-19,39.62964,7
2017-05-20,39.62964,2
2017-05-21,39.62964,2
2017-05-22,39.63826,2
2017-05-23,40.24492,5
2017-05-24,39.81437,5
2017-05-25,39.91333,2
2017-05-26,40.22279,1
2017-05-27,40.15144,1
2017-05-28,40.15144,1
2017-05-29,40.06456,1
2017-05-30,40.42588,2
2017-05-31,40.34653,1
2017-06-01,40.30403,2
2017-06-02,40.41716,2
2017-06-03,40.41716,1
2017-06-04,40.13013,1
2017-06-05,40.30796,2
2017-06-06,40.25127,1
2017-06-07,39.47573,3
2017-06-08,39.56704,5
2017-06-09,39.4872,3
2017-06-10,39.4872,1
2017-06-11,39.4872,1
2017-06-12,39.8111,2
2017-06-13,39.90106,8
2017-06-14,40.24654,8
2017-06-15,40.40865,8
2017-06-16,41.08271,4
2017-06-17,41.08271,4
2017-06-18,41.08271,1
2017-06-19,41.07663,1
2017-06-20,41.74133,1
2017-06-21,41.27916,1
2017-06-22,41.33515,6
2017-06-23,42.15164,1
2017-06-24,42.15164,1
2017-06-25,42.15164,1
2017-06-26,42.26113,1
2017-06-27,41.78716,1
2017-06-28,41.81993,1
2017-06-29,41.86575,1
2017-06-30,41.68539,1
2017-07-01,41.68539,1
2017-07-02,41.68539,1
2017-07-03,41.5316,1
2017-07-04,41.50266,1
2017-07-05,41.05097,1
2017-07-06,40.9981,1
2017-07-07,40.9719,1
2017-07-08,40.9719,1
2017-07-09,40.9719,1
2017-07-10,40.97753,1
2017-07-11,41.28938,1
2017-07-12,41.33458,2
2017-07-13,41.25047,2
2017-07-14,41.46821,1
2017-07-15,41.46784,1
2017-07-16,40.88952,1
2017-07-17,40.74656,1
2017-07-18,40.80437,1
2017-07-19,40.23778,3
2017-07-20,40.24314,3
2017-07-21,39.92391,1
2017-07-22,39.92391,4
2017-07-23,39.92391,4
2017-07-24,40.00105,2
2017-07-25,40.00367,2
2017-07-26,40.10891,2
2017-07-27,39.90546,2
2017-07-28,38.97818,2
2017-07-29,38.97818,2
2017-07-30,38.97818,2
2017-07-31,38.83294,2
2017-08-01,38.21495,3
2017-08-02,37.31966,1
2017-08-03,37.2991,3
2017-08-04,37.27709,1
2017-08-05,37.27709,1
2017-08-06,37.39128,1
2017-08-07,37.74126,1
2017-08-08,38.25177,1
2017-08-09,38.39414,1
2017-08-10,38.53228,1
2017-08-11,39.34763,1
2017-08-12,39.34763,1
2017-08-13,39.34763,1
2017-08-14,39.25485,1
2017-08-15,39.32666,1
2017-08-16,39.79543,1
2017-08-17,40.14403,1
2017-08-18,39.6217,1
2017-08-19,39.6217,1
2017-08-20,39.6217,1
2017-08-21,39.59126,1
2017-08-22,39.12299,1
2017-08-23,38.47126,1
2017-08-24,38.61401,1
2017-08-25,38.49583,1
2017-08-26,38.49583,1
2017-08-27,38.49583,1
2017-08-28,38.49717,3
2017-08-29,38.09775,3
2017-08-30,38.63689,3
2017-08-31,38.60115,1
2017-09-01,38.72445,2
2017-09-02,38.72445,2
2017-09-03,38.72445,2
2017-09-04,38.7773,1
2017-09-05,39.3034,1
2017-09-06,39.78395,1
2017-09-07,39.82632,1
2017-09-08,40.44044,1
2017-09-09,40.44044,1
2017-09-10,40.44044,1
2017-09-11,40.31529,2
2017-09-12,39.55527,1
2017-09-13,39.74465,1
2017-09-14,40.09134,1
2017-09-15,40.4518,1
2017-09-16,40.4518,1
2017-09-17,40.4518,1
2017-09-18,40.48919,1
2017-09-19,40.38954,1
2017-09-20,40.86275,1
2017-09-21,40.87155,1
2017-09-22,41.25188,1
2017-09-23,41.25188,1
2017-09-24,41.49499,1
2017-09-25,41.57793,1
2017-09-26,41.01126,1
2017-09-27,40.31173,1
2017-09-28,40.31269,1
2017-09-29,40.34256,1
2017-09-30,40.34256,1
2017-10-01,40.34256,1
2017-10-02,40.15312,1
2017-10-03,40.37353,1
2017-10-04,40.7621,1
2017-10-05,40.60885,1
2017-10-06,40.17117,1
2017-10-07,40.17117,1
2017-10-08,40.17117,1
2017-10-09,40.09864,1
2017-10-10,40.01473,1
2017-10-11,40.12806,3
2017-10-12,40.22272,3
2017-10-13,39.6197,3
2017-10-14,39.6197,3
2017-10-15,39.6197,3
2017-10-16,40.2318,1
2017-10-17,39.582,1
2017-10-18,39.87877,1
2017-10-19,39.58765,1
2017-10-20,39.44123,1
2017-10-21,39.44123,1
2017-10-22,39.44123,1
2017-10-23,39.28416,1
2017-10-24,38.9423,1
2017-10-25,38.67745,1
2017-10-26,39.07314,1
2017-10-27,38.7843,2
2017-10-28,38.7843,2
2017-10-29,38.7843,2
2017-10-30,38.96075,1
2017-10-31,38.73505,2
2017-11-01,39.45043,2
2017-11-02,39.50467,2
2017-11-03,38.97559,3
2017-11-04,38.97559,3
2017-11-05,38.76653,3
2017-11-06,38.76372,3
2017-11-07,38.78378,1
2017-11-08,38.78871,2
2017-11-09,38.82508,2
2017-11-10,38.91225,2
2017-11-11,38.91225,2
2017-11-12,38.91225,2
2017-11-13,39.11507,2
2017-11-14,38.96594,1
2017-11-15,39.02678,1
2017-11-16,39.17174,1
2017-11-17,39.28837,1
2017-11-18,39.28837,1
2017-11-19,39.22339,1
2017-11-20,39.11744,1
2017-11-21,39.89044,1
2017-11-22,40.0748,1
2017-11-23,40.0748,1
2017-11-24,40.0748,1
2017-11-25,40.0748,1
2017-11-26,40.0748,1
2017-11-27,40.05172,1
2017-11-28,39.71597,1
2017-11-29,40.27305,1
2017-11-30,40.03595,1
2017-12-01,40.03389,1
2017-12-02,40.03389,1
2017-12-03,40.03389,1
2017-12-04,39.90506,4
2017-12-05,39.69933,2
2017-12-06,40.18172,1
2017-12-07,39.37215,1
2017-12-08,39.24728,1
2017-12-09,39.24728,1
2017-12-10,39.03798,1
2017-12-11,39.00207,1
2017-12-12,39.10435,1
2017-12-13,38.08359,1
2017-12-14,38.49307,1
2017-12-15,38.28982,2
2017-12-16,38.28982,2
2017-12-17,38.28982,2
2017-12-18,38.38718,1
2017-12-19,38.20256,1
2017-12-20,38.77604,1
2017-12-21,38.74059,2
2017-12-22,38.84623,2
2017-12-23,38.84623,2
2017-12-24,38.84623,2
2017-12-25,38.84623,2
2017-12-26,38.8737,2
2017-12-27,39.06779,2
2017-12-28,39.59424,2
2017-12-29,39.47977,1
2017-12-30,39.47977,1
2017-12-31,39.47977,1
2018-01-01,39.47977,1
2018-01-02,39.89989,1
2018-01-03,40.21217,1
2018-01-04,40.28809,1
2018-01-05,40.64473,3
2018-01-06,40.64473,1
2018-01-07,40.64473,1
2018-01-08,40.48848,1
2018-01-09,40.5409,1
2018-01-10,40.85157,1
2018-01-11,40.9217,2
2018-01-12,40.67689,2
2018-01-13,40.67689,2
2018-01-14,40.67689,2
2018-01-15,40.84966,2
2018-01-16,41.6681,2
2018-01-17,41.63647,2
2018-01-18,41.49497,2
2018-01-19,41.31607,2
2018-01-20,41.31607,2
2018-01-21,41.39082,2
2018-01-22,40.72579,2
2018-01-23,40.41182,1
2018-01-24,41.14259,1
2018-01-25,40.7399,1
2018-01-26,40.48121,6
2018-01-27,40.48121,3
2018-01-28,40.48121,3
2018-01-29,40.38136,3
2018-01-30,40.68484,5
2018-01-31,41.70512,5
2018-02-01,42.01125,1
2018-02-02,42.3483,5
2018-02-03,42.38263,3
2018-02-04,42.38263,3
2018-02-05,42.46733,1
2018-02-06,42.77346,1
2018-02-07,43.29857,1
2018-02-08,43.32616,1
2018-02-09,43.31694,1
2018-02-10,43.31694,1
2018-02-11,43.31694,1
2018-02-12,43.30393,2
2018-02-13,42.79964,2
2018-02-14,43.15522,2
2018-02-15,43.00751,2
2018-02-16,43.03395,1
2018-02-17,43.03395,1
2018-02-18,43.03395,1
2018-02-19,43.04725,1
2018-02-20,43.03841,1
2018-02-21,41.58496,2
2018-02-22,41.70066,2
2018-02-23,42.07542,2
2018-02-24,42.07542,2
2018-02-25,41.42073,2
2018-02-26,41.62282,2
2018-02-27,41.69873,2
2018-02-28,42.09689,1
2018-03-01,42.70711,1
2018-03-02,42.28911,2
2018-03-03,42.28911,2
2018-03-04,42.28911,2
2018-03-05,42.33316,1
2018-03-06,42.36044,1
2018-03-07,41.3746,1
2018-03-08,41.92076,1
2018-03-09,41.95938,1
2018-03-10,41.95938,1
2018-03-11,41.95938,1
2018-03-12,41.94425,1
2018-03-13,42.08287,1
2018-03-14,41.90339,1
2018-03-15,42.00203,2
2018-03-16,41.56427,1
2018-03-17,41.56427,1
2018-03-18,41.56427,2
2018-03-19,41.74577,1
2018-03-20,42.0102,1
2018-03-21,41.84569,1
2018-03-22,41.91279,1
2018-03-23,42.10215,1
2018-03-24,41.95313,1
2018-03-25,42.35456,1
2018-03-26,42.51164,1
2018-03-27,41.54846,2
2018-03-28,41.04078,1
2018-03-29,41.06978,1
2018-03-30,41.3702,1
2018-03-31,41.3702,1
2018-04-01,41.3702,1
2018-04-02,41.64708,1
2018-04-03,41.39609,1
2018-04-04,41.36893,1
2018-04-05,41.3074,1
2018-04-06,41.01259,1
2018-04-07,41.01259,1
2018-04-08,41.01259,1
2018-04-09,41.16166,1
2018-04-10,41.75703,2
2018-04-11,41.79477,3
2018-04-12,41.77796,2
2018-04-13,41.82263,2
2018-04-14,41.82263,2
2018-04-15,41.82263,2
2018-04-16,42.53479,1
2018-04-17,42.33051,1
2018-04-18,41.69412,1
2018-04-19,41.80221,1
2018-04-20,41.86242,4
2018-04-21,41.86242,4
2018-04-22,41.86242,4
2018-04-23,41.86631,4
2018-04-24,41.7774,1
2018-04-25,42.11814,1
2018-04-26,42.22429,2
2018-04-27,42.23556,1
2018-04-28,42.05209,1
2018-04-29,42.05209,1
2018-04-30,42.08463,1
2018-05-01,43.46177,1
2018-05-02,43.28582,3
2018-05-03,43.54569,2
2018-05-04,43.6785,1
2018-05-05,44.46766,1
2018-05-06,44.46766,1
2018-05-07,44.40765,1
2018-05-08,44.27958,1
2018-05-09,43.90227,3
2018-05-10,43.78321,2
2018-05-11,43.86341,1
2018-05-12,44.05393,1
2018-05-13,44.05393,1
2018-05-14,43.98285,1
2018-05-15,44.40396,1
2018-05-16,44.02909,2
2018-05-17,44.0947,5
2018-05-18,43.97738,7
2018-05-19,43.97738,1
2018-05-20,43.97738,2
2018-05-21,43.82499,2
2018-05-22,44.31966,3
2018-05-23,43.61057,4
2018-05-24,43.5501,1
2018-05-25,43.59041,4
2018-05-26,43.79807,1
2018-05-27,43.79807,1
2018-05-28,43.84,1
2018-05-29,43.78471,1
2018-05-30,43.83958,1
2018-05-31,42.98384,1
2018-06-01,43.01175,2
2018-06-02,43.15339,2
2018-06-03,43.15339,1
2018-06-04,43.17106,5
2018-06-05,42.83619,4
2018-06-06,42.50404,4
2018-06-07,43.0961,2
2018-06-08,43.00425,1
2018-06-09,42.79602,1
2018-06-10,42.79602,1
2018-06-11,42.78002,1
2018-06-12,42.87965,3
2018-06-13,42.78136,3
2018-06-14,43.3681,3
2018-06-15,43.42542,3
2018-06-16,43.42542,3
2018-06-17,43.42542,1
2018-06-18,42.97183,1
2018-06-19,43.08958,1
2018-06-20,43.46984,1
2018-06-21,43.33474,1
2018-06-22,43.16301,1
2018-06-23,43.16301,1
2018-06-24,43.16301,1
2018-06-25,43.1451,1
2018-06-26,43.1865,1
2018-06-27,43.1776,1
2018-06-28,43.17663,1
2018-06-29,42.97145,1
2018-06-30,42.97145,1
2018-07-01,42.93697,1
2018-07-02,43.01169,1
2018-07-03,42.79001,1
2018-07-04,42.79001,1
2018-07-05,43.15408,1
2018-07-06,43.24845,1
2018-07-07,43.24845,1
2018-07-08,43.34873,1
2018-07-09,43.14231,1
2018-07-10,42.96598,1
2018-07-11,43.08789,1
2018-07-12,43.54289,1
2018-07-13,43.22959,1
2018-07-14,43.4221,1
2018-07-15,43.4221,1
2018-07-16,43.28642,1
2018-07-17,43.12508,3
2018-07-18,42.77056,2
2018-07-19,42.7691,2
2018-07-20,42.9778,2
2018-07-21,42.87643,1
2018-07-22,43.08591,1
2018-07-23,42.62905,1
2018-07-24,42.16222,1
2018-07-25,42.54901,1
2018-07-26,42.53392,1
2018-07-27,42.75357,1
2018-07-28,42.75357,1
2018-07-29,42.73167,1
2018-07-30,42.88094,2
2018-07-31,43.17537,3
2018-08-01,42.97926,2
2018-08-02,43.22049,1
2018-08-03,43.13605,1
2018-08-04,43.13605,1
2018-08-05,43.13605,1
2018-08-06,43.11097,1
2018-08-07,43.14393,1
2018-08-08,43.42355,1
2018-08-09,43.57416,1
2018-08-10,43.5351,1
2018-08-11,43.5351,1
2018-08-12,43.5351,1
2018-08-13,43.66196,1
2018-08-14,43.84809,1
2018-08-15,43.68356,1
2018-08-16,43.711,1
2018-08-17,43.56767,3
2018-08-18,43.56767,1
2018-08-19,43.56767,4
2018-08-20,43.4515,4
2018-08-21,43.33063,3
2018-08-22,42.87815,5
2018-08-23,42.80038,3
2018-08-24,42.34155,4
2018-08-25,42.34155,1
2018-08-26,42.60069,1
2018-08-27,42.6465,1
2018-08-28,42.18199,1
2018-08-29,42.26508,3
2018-08-30,42.37328,3
2018-08-31,42.4197,2
2018-09-01,42.4197,1
2018-09-02,42.4197,1
2018-09-03,41.62132,2
2018-09-04,41.62132,5
2018-09-05,41.97416,4
2018-09-06,42.20895,4
2018-09-07,42.38865,2
2018-09-08,42.45607,2
2018-09-09,42.45607,1
2018-09-10,41.30315,1
2018-09-11,41.29042,1
2018-09-12,40.61292,1
2018-09-13,40.7944,1
2018-09-14,40.93293,1
2018-09-15,41.18386,1
2018-09-16,41.18386,1
2018-09-17,41.53277,1
2018-09-18,42.41969,1
2018-09-19,42.27726,2
2018-09-20,42.47611,2
2018-09-21,42.92581,2
2018-09-22,43.03456,2
2018-09-23,43.78153,2
2018-09-24,43.81634,2
2018-09-25,43.68663,2
2018-09-26,43.4899,2
2018-09-27,43.48447,1
2018-09-28,43.50611,1
2018-09-29,43.54089,1
2018-09-30,43.54089,1
2018-10-01,43.13089,1
2018-10-02,43.11298,1
2018-10-03,43.38432,1
2018-10-04,43.66148,1
2018-10-05,43.58519,1
2018-10-06,43.83076,1
2018-10-07,43.71084,1
2018-10-08,43.75935,1
2018-10-09,43.46759,1
2018-10-10,42.8601,1
2018-10-11,43.04139,1
2018-10-12,43.04792,1
2018-10-13,43.06012,1
2018-10-14,43.09204,1
2018-10-15,43.30664,1
2018-10-16,43.2679,1
2018-10-17,43.90088,1
2018-10-18,43.9041,1
2018-10-19,43.68245,1
2018-10-20,43.76139,1
2018-10-21,43.89709,1
2018-10-22,43.97047,1
2018-10-23,44.01097,1
2018-10-24,44.29115,1
2018-10-25,44.13043,1
2018-10-26,43.92102,3
2018-10-27,44.00035,3
2018-10-28,44.05027,3
2018-10-29,43.95501,1
2018-10-30,43.81819,1
2018-10-31,43.49135,1
2018-11-01,43.3008,2
2018-11-02,43.49814,2
2018-11-03,43.58811,2
2018-11-04,43.93788,2
2018-11-05,43.56351,2
2018-11-06,43.46575,1
2018-11-07,43.95908,1
2018-11-08,43.974,2
2018-11-09,43.99274,4
2018-11-10,43.99274,4
2018-11-11,43.99274,4
2018-11-12,43.75782,4
2018-11-13,43.42043,1
2018-11-14,43.41381,2
2018-11-15,43.50974,2
2018-11-16,43.5631,2
2018-11-17,43.5631,2
2018-11-18,43.54309,2
2018-11-19,43.66652,3
2018-11-20,43.67185,3
2018-11-21,44.231,1
2018-11-22,44.24029,1
2018-11-23,44.24029,1
2018-11-24,44.24029,1
2018-11-25,44.24561,1
2018-11-26,44.24561,1
2018-11-27,44.57539,1
2018-11-28,44.46817,1
2018-11-29,44.3835,1
2018-11-30,44.39586,2
2018-12-01,44.33083,1
2018-12-02,44.31874,1
2018-12-03,44.04657,1
2018-12-04,43.61461,1
2018-12-05,43.86594,1
2018-12-06,43.32276,1
2018-12-07,43.41546,1
2018-12-08,43.44135,1
2018-12-09,43.56701,1
2018-12-10,43.47831,5
2018-12-11,42.74178,1
2018-12-12,43.29251,2
2018-12-13,43.47062,2
2018-12-14,43.34373,3
2018-12-15,43.34373,3
2018-12-16,43.35625,3
2018-12-17,43.29996,3
2018-12-18,43.58849,3
2018-12-19,43.08582,3
2018-12-20,43.11878,4
2018-12-21,43.19737,4
2018-12-22,43.22877,4
2018-12-23,43.22877,4
2018-12-24,43.04998,4
2018-12-25,43.00541,4
2018-12-26,42.50584,4
2018-12-27,42.5213,4
2018-12-28,42.49585,4
2018-12-29,42.50721,2
2018-12-30,42.51141,2
2018-12-31,42.56866,2
2019-01-01,42.50409,2
2019-01-02,42.34768,2
2019-01-03,42.31845,1
2019-01-04,42.32024,1
2019-01-05,42.26724,2
2019-01-06,42.26724,2
2019-01-07,42.22881,1
2019-01-08,42.00666,1
2019-01-09,42.00117,2
2019-01-10,41.92067,2
2019-01-11,41.91311,2
2019-01-12,41.91363,1
2019-01-13,41.81806,1
2019-01-14,41.66304,2
2019-01-15,41.86878,2
2019-01-16,41.31862,1
2019-01-17,41.28986,3
2019-01-18,41.39695,3
2019-01-19,41.39695,3
2019-01-20,41.42671,2
2019-01-21,41.33651,1
2019-01-22,41.42202,1
2019-01-23,41.07663,1
2019-01-24,41.03642,1
2019-01-25,40.40027,1
2019-01-26,40.40027,1
2019-01-27,40.42616,1
2019-01-28,40.9616,1
2019-01-29,40.87305,1
2019-01-30,40.77748,1
2019-01-31,40.76448,1
2019-02-01,40.72831,1
2019-02-02,40.76747,1
2019-02-03,40.7788,1
2019-02-04,41.01645,1
2019-02-05,41.49454,1
2019-02-06,41.62054,2
2019-02-07,41.76154,4
2019-02-08,41.98431,4
2019-02-09,41.98431,4
2019-02-10,42.04487,4
2019-02-11,42.14777,4
2019-02-12,42.27277,4
2019-02-13,42.83984,4
2019-02-14,42.84945,4
2019-02-15,42.90593,2
2019-02-16,42.95282,2
2019-02-17,42.96331,2
2019-02-18,42.97749,1
2019-02-19,42.7675,1
2019-02-20,42.88668,1
2019-02-21,42.85559,1
2019-02-22,43.25957,2
2019-02-23,43.25957,2
2019-02-24,43.2385,2
2019-02-25,43.19084,2
2019-02-26,42.69373,3
2019-02-27,42.75151,3
2019-02-28,42.89241,5
2019-03-01,42.83979,1
2019-03-02,42.73643,1
2019-03-03,42.64135,1
2019-03-04,42.55911,2
2019-03-05,41.76803,2
2019-03-06,42.23935,1
2019-03-07,42.43244,1
2019-03-08,42.54274,1
2019-03-09,42.57926,1
2019-03-10,42.57926,1
2019-03-11,42.5494,1
2019-03-12,42.51807,1
2019-03-13,42.64162,1
2019-03-14,42.82355,1
2019-03-15,42.68256,1
2019-03-16,42.72493,1
2019-03-17,42.72636,1
2019-03-18,42.85701,1
2019-03-19,42.55615,1
2019-03-20,42.53457,1
2019-03-21,42.63582,1
2019-03-22,42.87403,3
2019-03-23,42.87403,1
2019-03-24,43.18447,1
2019-03-25,43.39223,1
2019-03-26,42.41875,2
2019-03-27,42.65763,1
2019-03-28,42.69593,1
2019-03-29,43.04285,2
2019-03-30,43.04285,1
2019-03-31,43.12605,1
2019-04-01,43.14048,1
2019-04-02,43.02574,1
2019-04-03,43.22319,1
2019-04-04,43.20959,1
2019-04-05,43.29223,1
2019-04-06,43.26601,1
2019-04-07,43.22304,1
2019-04-08,43.32839,2
2019-04-09,42.64828,2
2019-04-10,42.56272,2
2019-04-11,42.61239,1
2019-04-12,42.51073,1
2019-04-13,42.51073,1
2019-04-14,42.5415,1
2019-04-15,42.35459,1
2019-04-16,42.57107,2
2019-04-17,42.84515,2
2019-04-18,42.85012,5
2019-04-19,42.80421,6
2019-04-20,42.77319,4
2019-04-21,42.77319,1
2019-04-22,42.16531,3
2019-04-23,42.33819,1
2019-04-24,42.41169,4
2019-04-25,42.45556,5
2019-04-26,42.52747,3
2019-04-27,42.49869,3
2019-04-28,42.49869,1
2019-04-29,42.52669,1
2019-04-30,42.38634,1
2019-05-01,42.9759,2
2019-05-02,43.22665,3
2019-05-03,43.25917,2
2019-05-04,43.25917,1
2019-05-05,43.25917,1
2019-05-06,43.31911,1
2019-05-07,43.28363,5
2019-05-08,43.07555,7
2019-05-09,43.07478,1
2019-05-10,43.05749,1
2019-05-11,43.04588,1
2019-05-12,43.04588,2
2019-05-13,42.93863,2
2019-05-14,43.03286,4
2019-05-15,42.6801,3
2019-05-16,42.50833,1
2019-05-17,42.37827,1
2019-05-18,42.32533,1
2019-05-19,42.32533,1
2019-05-20,42.17826,3
2019-05-21,41.97973,2
2019-05-22,41.98075,2
2019-05-23,42.14296,1
2019-05-24,42.11361,1
2019-05-25,42.11361,1
2019-05-26,42.11361,1
2019-05-27,42.07652,1
2019-05-28,42.08245,1
2019-05-29,42.07836,1
2019-05-30,42.18365,2
2019-05-31,42.28378,1
2019-06-01,42.28378,1
2019-06-02,42.54643,1
2019-06-03,42.65364,2
2019-06-04,42.84028,2
2019-06-05,42.78265,2
2019-06-06,42.33584,1
2019-06-07,42.54494,1
2019-06-08,42.56394,1
2019-06-09,42.56394,1
2019-06-10,42.78373,2
2019-06-11,42.76709,4
2019-06-12,42.89414,1
2019-06-13,43.18822,1
2019-06-14,43.35339,1
2019-06-15,43.35339,1
2019-06-16,43.52073,1
2019-06-17,43.29304,2
2019-06-18,43.13414,1
2019-06-19,43.39155,1
2019-06-20,43.44824,2
2019-06-21,43.48903,2
2019-06-22,43.46454,2
2019-06-23,43.40474,2
2019-06-24,43.26168,2
2019-06-25,42.77933,2
2019-06-26,42.7098,1
2019-06-27,42.85568,1
2019-06-28,42.87024,1
2019-06-29,42.87017,1
2019-06-30,42.86689,1
2019-07-01,42.78076,1
2019-07-02,43.13011,1
2019-07-03,43.27773,1
2019-07-04,43.27773,1
2019-07-05,43.27773,1
2019-07-06,43.27773,1
2019-07-07,44.0078,1
2019-07-08,44.02522,1
2019-07-09,43.70581,1
2019-07-10,43.66334,1
2019-07-11,43.19458,2
2019-07-12,43.21665,2
2019-07-13,43.19133,2
2019-07-14,43.22157,1
2019-07-15,43.16745,1
2019-07-16,43.02334,1
2019-07-17,43.28456,1
2019-07-18,43.24652,1
2019-07-19,43.43604,1
2019-07-20,43.43604,1
2019-07-21,43.43604,1
2019-07-22,43.72396,1
2019-07-23,43.20112,1
2019-07-24,43.29924,3
2019-07-25,43.2421,2
2019-07-26,42.90155,1
2019-07-27,42.90329,1
2019-07-28,42.90733,1
2019-07-29,42.88336,1
2019-07-30,43.31136,1
2019-07-31,42.7958,1
2019-08-01,42.88264,1
2019-08-02,42.85614,1
2019-08-03,42.82935,1
2019-08-04,42.91727,1
2019-08-05,43.01029,1
2019-08-06,43.18039,1
2019-08-07,42.79287,1
2019-08-08,42.90422,1
2019-08-09,42.79941,1
2019-08-10,42.8211,1
2019-08-11,42.83628,1
2019-08-12,42.71815,1
2019-08-13,42.57611,1
2019-08-14,42.36597,1
2019-08-15,43.01258,1
2019-08-16,42.94289,1
2019-08-17,42.94289,1
2019-08-18,42.94289,1
2019-08-19,42.97809,1
2019-08-20,42.80458,1
2019-08-21,42.45544,1
2019-08-22,42.30774,1
2019-08-23,42.50792,1
2019-08-24,42.54197,1
2019-08-25,42.5766,1
2019-08-26,42.51286,1
2019-08-27,42.29822,1
2019-08-28,42.20761,1
2019-08-29,42.23142,1
2019-08-30,42.17182,1
2019-08-31,42.17182,1
2019-09-01,42.17182,1
2019-09-02,42.03629,1
2019-09-03,42.61919,1
2019-09-04,42.63621,1
2019-09-05,42.65997,1
2019-09-06,42.67852,1
2019-09-07,42.64939,1
2019-09-08,42.59635,1
2019-09-09,42.62912,1
2019-09-10,42.54695,2
2019-09-11,43.02641,2
2019-09-12,43.10069,1
2019-09-13,43.05273,1
2019-09-14,43.05273,1
2019-09-15,43.01107,1
2019-09-16,42.9939,1
2019-09-17,43.03273,1
2019-09-18,43.20145,1
2019-09-19,43.25356,1
2019-09-20,43.41684,3
2019-09-21,43.40904,3
2019-09-22,43.52413,1
2019-09-23,43.33599,2
2019-09-24,44.31136,4
2019-09-25,43.77356,5
2019-09-26,43.4763,8
2019-09-27,43.41953,3
2019-09-28,43.41953,3
2019-09-29,43.41953,3
2019-09-30,43.02348,2
2019-10-01,42.98708,5
2019-10-02,42.26967,5
2019-10-03,42.20511,7
2019-10-04,42.34288,2
2019-10-05,42.34288,3
2019-10-06,42.34288,1
2019-10-07,42.29251,1
2019-10-08,42.32663,2
2019-10-09,42.1762,3
2019-10-10,42.69854,7
2019-10-11,42.97621,4
2019-10-12,42.92044,4
2019-10-13,42.9761,2
2019-10-14,42.62624,2
2019-10-15,42.63546,1
2019-10-16,42.81119,1
2019-10-17,42.59619,2
2019-10-18,42.60291,2
2019-10-19,42.60291,2
2019-10-20,42.59493,2
2019-10-21,41.83702,2
2019-10-22,41.75919,6
2019-10-23,41.2116,3
2019-10-24,41.05421,2
2019-10-25,41.21744,2
2019-10-26,41.269317,2
2019-10-27,41.365285,1
2019-10-28,41.411454,1
2019-10-29,41.818206,4
2019-10-30,42.376165,1
2019-10-31,42.026711,4
2019-11-01,41.761986,1
2019-11-02,41.770568,1
2019-11-03,41.616795,1
2019-11-04,41.520588,2
2019-11-05,42.290878,2
2019-11-06,42.047135,2
2019-11-07,42.334364,2
2019-11-08,42.345681,1
2019-11-09,42.345681,1
2019-11-10,42.345681,1
2019-11-11,42.422535,1
2019-11-12,42.00399,2
2019-11-13,41.921124,4
2019-11-14,42.158859,3
2019-11-15,42.166843,3
2019-11-16,42.166843,2
2019-11-17,42.166843,1
2019-11-18,42.14946,4
2019-11-19,42.631384,2
2019-11-20,42.566135,4
2019-11-21,43.036843,5
2019-11-22,43.032958,3
2019-11-23,43.032958,3
2019-11-24,43.032958,1
2019-11-25,42.79208,1
2019-11-26,42.613189,4
2019-11-27,42.68882,2
2019-11-28,42.68882,2
2019-11-29,42.68882,1
2019-11-30,42.688961,1
2019-12-01,42.688961,1
2019-12-02,42.606101,1
2019-12-03,42.754576,2
2019-12-04,42.877311,3
2019-12-05,43.126379,3
2019-12-06,43.098758,1
2019-12-07,43.098758,1
2019-12-08,43.098758,2
2019-12-09,43.288615,2
2019-12-10,43.40313,2
2019-12-11,43.134108,2
2019-12-12,43.089496,2
2019-12-13,43.093035,2
2019-12-14,43.054161,1
2019-12-15,44.128887,1
2019-12-16,44.436099,1
2019-12-17,44.845494,1
2019-12-18,44.589122,1
2019-12-19,44.591513,5
2019-12-20,44.393803,4
2019-12-21,44.393803,1
2019-12-22,44.393803,1
2019-12-23,43.481986,1
2019-12-24,43.505776,1
2019-12-25,43.460102,1
2019-12-26,43.464971,1
2019-12-27,43.342017,1
2019-12-28,43.342017,1
2019-12-29,43.334989,1
2019-12-30,43.295235,1
2019-12-31,43.433428,1
2020-01-01,43.439696,1
2020-01-02,43.439696,4
2020-01-03,43.630267,1
2020-01-04,43.630267,1
2020-01-05,43.630267,1
2020-01-06,43.461466,1
2020-01-07,42.948346,1
2020-01-08,42.731808,1
2020-01-09,42.830361,1
2020-01-10,42.874007,1
2020-01-11,42.874007,1
2020-01-12,42.874007,1
2020-01-13,43.423036,1
2020-01-14,43.465981,1
2020-01-15,43.199324,3
2020-01-16,43.60321,2
2020-01-17,43.459467,1
2020-01-18,43.459467,1
2020-01-19,43.459467,1
2020-01-20,43.86012,1
2020-01-21,42.893962,4
2020-01-22,42.908049,2
2020-01-23,43.952599,1
2020-01-24,44.827291,1
2020-01-25,44.827291,2
2020-01-26,44.825867,2
2020-01-27,44.87548,3
2020-01-28,44.760909,3
2020-01-29,44.330772,1
2020-01-30,44.26148,5
2020-01-31,44.343219,5
2020-02-01,44.233143,3
2020-02-02,44.322535,3
2020-02-03,44.076662,3
2020-02-04,44.067537,2
2020-02-05,43.785319,3
2020-02-06,44.143581,3
2020-02-07,44.315394,2
2020-02-08,44.315428,2
2020-02-09,44.315428,1
2020-02-10,44.475435,1
2020-02-11,44.241162,1
2020-02-12,44.320303,2
2020-02-13,44.016157,2
2020-02-14,43.980874,2
2020-02-15,43.980874,1
2020-02-16,44.050822,1
2020-02-17,44.682075,1
2020-02-18,45.648356,1
2020-02-19,45.79354,1
2020-02-20,45.210504,5
2020-02-21,44.09074,1
2020-02-22,44.09074,1
2020-02-23,44.09074,1
2020-02-24,44.033721,1
2020-02-25,44.219495,1
2020-02-26,44.015076,1
2020-02-27,44.094298,1
2020-02-28,44.17519,2
2020-02-29,44.032557,2
2020-03-01,44.032557,2
2020-03-02,43.730251,1
2020-03-03,43.757786,1
2020-03-04,43.830943,1
2020-03-05,43.439084,1
2020-03-06,43.325293,1
2020-03-07,43.325293,1
2020-03-08,43.325293,1
2020-03-09,43.648825,1
2020-03-10,43.615096,1
2020-03-11,43.243008,1
2020-03-12,43.264426,1
2020-03-13,43.348265,1
2020-03-14,43.348265,1
2020-03-15,43.699202,1
2020-03-16,43.855668,1
2020-03-17,43.849942,1
2020-03-18,43.723324,1
2020-03-19,43.942604,1
2020-03-20,43.338067,1
2020-03-21,43.338067,1
2020-03-22,43.338067,1
2020-03-23,44.286483,1
2020-03-24,44.969927,1
2020-03-25,45.042247,1
2020-03-26,45.500942,1
2020-03-27,46.242087,1
2020-03-28,46.260866,1
2020-03-29,46.196054,1
2020-03-30,45.855167,1
2020-03-31,45.908538,1
2020-04-01,46.334424,1
2020-04-02,46.014258,1
2020-04-03,45.777346,1
2020-04-04,45.701958,1
2020-04-05,45.621096,1
2020-04-06,45.482457,1
2020-04-07,45.51366,3
2020-04-08,45.186756,2
2020-04-09,45.358204,2
2020-04-10,44.938443,2
2020-04-11,45.002785,2
2020-04-12,44.941647,2
2020-04-13,44.732763,1
2020-04-14,44.645348,1
2020-04-15,44.7615,1
2020-04-16,44.477315,1
2020-04-17,44.390624,1
2020-04-18,44.452591,1
2020-04-19,44.455582,1
2020-04-20,44.318684,1
2020-04-21,44.238495,1
2020-04-22,43.933659,1
2020-04-23,43.776987,1
2020-04-24,43.816765,1
2020-04-25,43.815235,1
2020-04-26,43.815235,1
2020-04-27,43.652574,1
2020-04-28,42.691683,1
2020-04-29,42.723025,1
2020-04-30,42.842148,1
2020-05-01,43.035872,1
2020-05-02,43.145933,1
2020-05-03,43.145933,1
2020-05-04,43.3071,1
2020-05-05,43.621702,1
2020-05-06,44.069444,1
2020-05-07,44.056065,1
2020-05-08,44.105623,2
2020-05-09,44.22521,2
2020-05-10,44.22521,1
2020-05-11,44.176054,1
2020-05-12,44.654207,2
2020-05-13,44.297034,1
2020-05-14,44.292958,2
2020-05-15,44.288291,3
2020-05-16,44.221837,3
2020-05-17,44.221837,3
2020-05-18,44.102952,2
2020-05-19,43.702583,1
2020-05-20,43.800054,1
2020-05-21,43.228182,3
2020-05-22,43.037367,2
2020-05-23,43.037367,2
2020-05-24,43.037367,2
2020-05-25,42.800166,1
2020-05-26,42.812703,1
2020-05-27,42.714451,1
2020-05-28,42.912593,1
2020-05-29,42.90888,1
2020-05-30,42.90888,1
2020-05-31,43.388398,1
2020-06-01,43.201541,1
2020-06-02,42.869312,1
2020-06-03,42.70874,1
2020-06-04,42.379172,2
2020-06-05,42.203073,2
2020-06-06,42.203073,2
2020-06-07,42.282863,2
2020-06-08,41.8713,2
2020-06-09,41.733794,2
2020-06-10,41.791798,2
2020-06-11,41.520222,1
2020-06-12,41.919534,1
2020-06-13,41.919534,1
2020-06-14,41.919534,1
2020-06-15,41.817059,1
2020-06-16,41.826764,1
2020-06-17,41.592103,1
2020-06-18,42.400976,1
2020-06-19,42.352375,1
2020-06-20,42.352375,1
2020-06-21,42.352375,1
2020-06-22,41.757222,1
2020-06-23,41.669989,1
2020-06-24,41.286854,1
2020-06-25,40.82888,1
2020-06-26,40.923345,1
2020-06-27,40.923345,1
2020-06-28,40.923345,1
2020-06-29,41.138215,1
2020-06-30,40.954983,1
2020-07-01,40.691403,1
2020-07-02,40.895036,2
2020-07-03,40.985412,1
2020-07-04,40.985412,1
2020-07-05,40.985412,1
2020-07-06,41.1416,1
2020-07-07,40.863598,1
2020-07-08,40.721666,1
2020-07-09,40.740068,6
2020-07-10,40.805233,2
2020-07-11,40.805233,2
2020-07-12,41.090612,2
2020-07-13,41.132169,2
2020-07-14,41.242419,2
2020-07-15,40.902731,1
2020-07-16,40.943184,2
2020-07-17,40.739294,7
2020-07-18,40.739294,7
2020-07-19,41.139075,7
2020-07-20,41.109678,7
2020-07-21,40.844588,7
2020-07-22,40.849557,1
2020-07-23,40.931297,1
2020-07-24,40.77583,1
2020-07-25,40.77583,1
2020-07-26,40.77583,1
2020-07-27,40.383729,1
2020-07-28,40.344463,1
2020-07-29,41.138476,1
2020-07-30,41.296759,1
2020-07-31,42.200055,1
2020-08-01,42.200055,1
2020-08-02,42.200055,1
2020-08-03,42.296033,1
2020-08-04,42.254478,1
2020-08-05,41.865495,2
2020-08-06,41.782422,2
2020-08-07,41.954913,2
2020-08-08,41.954913,2
2020-08-09,41.954913,2
2020-08-10,41.988932,2
2020-08-11,42.086772,2
2020-08-12,42.414112,2
2020-08-13,42.20424,2
2020-08-14,41.996961,1
2020-08-15,42.010432,1
2020-08-16,42.393737,1
2020-08-17,42.110153,1
2020-08-18,42.186708,1
2020-08-19,42.224615,1
2020-08-20,42.37188,1
2020-08-21,42.109292,2
2020-08-22,42.178473,2
2020-08-23,42.072002,2
2020-08-24,42.553595,2
2020-08-25,42.550279,1
2020-08-26,43.226579,1
2020-08-27,43.345831,1
2020-08-28,42.93757,1
2020-08-29,42.931703,1
2020-08-30,42.931703,1
2020-08-31,44.347452,1
2020-09-01,44.523388,1
2020-09-02,43.889747,1
2020-09-03,43.901355,1
2020-09-04,43.992693,1
2020-09-05,43.992693,1
2020-09-06,43.992693,1
2020-09-07,44.052782,1
2020-09-08,43.900108,1
2020-09-09,43.194505,4
2020-09-10,43.022355,3
2020-09-11,43.021278,1
2020-09-12,43.021278,1
2020-09-13,43.784654,2
2020-09-14,43.844448,2
2020-09-15,43.807024,1
2020-09-16,43.81705,1
2020-09-17,43.707177,1
2020-09-18,43.879983,1
2020-09-19,43.879983,1
2020-09-20,43.971201,1
2020-09-21,43.095794,1
2020-09-22,43.139061,1
2020-09-23,43.47008,1
2020-09-24,43.867556,1
2020-09-25,43.919316,1
2020-09-26,43.919316,1
2020-09-27,44.28928,1
2020-09-28,44.263237,2
2020-09-29,44.259678,2
2020-09-30,44.18968,1
2020-10-01,44.121061,1
2020-10-02,44.508121,1
2020-10-03,44.988484,1
2020-10-04,44.668253,1
2020-10-05,43.922847,1
2020-10-06,43.6834,1
2020-10-07,43.75712,1
2020-10-08,43.52966,1
2020-10-09,43.547063,1
2020-10-10,43.629402,3
2020-10-11,43.761624,3
2020-10-12,43.894777,3
2020-10-13,43.729156,3
2020-10-14,43.497041,4
2020-10-15,43.263764,4
2020-10-16,43.187329,4
2020-10-17,43.187329,4
2020-10-18,43.187329,4
2020-10-19,43.136759,4
2020-10-20,43.147115,3
2020-10-21,42.463062,3
2020-10-22,42.755192,3
2020-10-23,42.869881,3
2020-10-24,42.888814,1
2020-10-25,42.886443,1
2020-10-26,43.071957,1
2020-10-27,43.1402,1
2020-10-28,43.770355,1
2020-10-29,44.419513,3
2020-10-30,44.505406,2
2020-10-31,45.256247,2
2020-11-01,45.168995,2
2020-11-02,45.266763,2
2020-11-03,45.161822,1
2020-11-04,45.060655,1
2020-11-05,45.404977,1
2020-11-06,45.479723,1
2020-11-07,45.479723,2
2020-11-08,45.479723,2
2020-11-09,45.606504,1
2020-11-10,45.617046,1
2020-11-11,45.643669,1
2020-11-12,45.080127,1
2020-11-13,45.136705,1
2020-11-14,45.371991,1
2020-11-15,45.371991,1
2020-11-16,45.41304,1
2020-11-17,45.427358,2
2020-11-18,44.550218,2
2020-11-19,44.265107,2
2020-11-20,44.181683,2
2020-11-21,44.184853,1
2020-11-22,44.184853,1
2020-11-23,44.204869,1
2020-11-24,44.446459,2
2020-11-25,44.015151,2
2020-11-26,44.015151,2
2020-11-27,44.015151,2
2020-11-28,44.019525,2
2020-11-29,44.019525,2
2020-11-30,44.073739,3
2020-12-01,44.362786,3
2020-12-02,43.6249,2
2020-12-03,43.538979,1
2020-12-04,43.53384,1
2020-12-05,43.53384,1
2020-12-06,43.53384,2
2020-12-07,43.535725,2
2020-12-08,44.010896,2
2020-12-09,43.889287,1
2020-12-10,44.203032,1
2020-12-11,44.530381,1
2020-12-12,44.530381,1
2020-12-13,44.530381,1
2020-12-14,44.372059,1
2020-12-15,44.775859,1
2020-12-16,44.468686,1
2020-12-17,44.472804,1
2020-12-18,44.361393,3
2020-12-19,44.361393,1
2020-12-20,44.361393,1
2020-12-21,44.258078,1
2020-12-22,44.138959,2
2020-12-23,43.34809,2
2020-12-24,43.287601,2
2020-12-25,43.287601,2
2020-12-26,43.287601,2
2020-12-27,43.287601,2
2020-12-28,43.287601,1
2020-12-29,43.311698,1
2020-12-30,43.386291,1
2020-12-31,43.220872,1
2021-01-01,43.220872,1
2021-01-02,43.220872,1
2021-01-03,43.220872,1
2021-01-04,43.220872,1
2021-01-05,43.328916,1
2021-01-06,43.419193,1
2021-01-07,43.018708,1
2021-01-08,42.397032,1
2021-01-09,42.397032,1
2021-01-10,42.397032,1
2021-01-11,40.973057,1
2021-01-12,40.862447,1
2021-01-13,40.262063,1
2021-01-14,39.469377,1
2021-01-15,39.664908,1
2021-01-16,39.664908,1
2021-01-17,40.236178,1
2021-01-18,39.770617,1
2021-01-19,40.15386,1
2021-01-20,39.406442,1
