published_date,polarity,subjectivity
8/18/20,-0.5,0.5
8/18/20,-0.5,0.9
8/18/20,-0.4,0.6
8/18/20,-0.2,0
8/18/20,-0.2,0.25
8/18/20,-0.155555556,0.288888889
8/18/20,-0.1,0.133333333
8/18/20,-0.068181818,0.454545455
8/18/20,0,0.166666667
8/18/20,0,0.25
8/18/20,0,0.357142857
8/18/20,0,0.5
8/18/20,0.083333333,0.616666667
8/18/20,0.1,0.5
8/18/20,0.120833333,0.3375
8/18/20,0.136363636,0.454545455
8/18/20,0.136363636,0.5
8/18/20,0.166666667,0.333333333
8/18/20,0.2,0.5
8/18/20,0.233333333,0.4
8/18/20,0.253333333,0.513333333
8/18/20,0.318181818,0.477272727
8/18/20,0.5,0.5
8/18/20,0.5,0.833333333
8/18/20,0.52,1
8/18/20,0.55,0.95
8/18/20,0.6,0.9
8/18/20,0.6,1
8/17/20,-1,1
8/17/20,-0.8,0.9
8/17/20,-0.75,0.75
8/17/20,-0.75,0.9
8/17/20,-0.7,0.2
8/17/20,-0.6,0.4
8/17/20,-0.6,0.7
8/17/20,-0.6,1
8/17/20,-0.5,0.5
8/17/20,-0.5,0.9
8/17/20,-0.5,1
8/17/20,-0.45,0.6
8/17/20,-0.45,1
8/17/20,-0.4,0.4
8/17/20,-0.4,0.5
8/17/20,-0.4,0.55
8/17/20,-0.4,0.6
8/17/20,-0.39375,0.75
8/17/20,-0.388888889,0.833333333
8/17/20,-0.383333333,0.483333333
8/17/20,-0.3625,0.6875
8/17/20,-0.357142857,0.428571429
8/17/20,-0.35,0.366666667
8/17/20,-0.316666667,0.3
8/17/20,-0.3125,0.6875
8/17/20,-0.304545455,0.534848485
8/17/20,-0.3,0.1
8/17/20,-0.3,0.2
8/17/20,-0.3,0.4
8/17/20,-0.3,0.4
8/17/20,-0.3,0.45
8/17/20,-0.3,0.7
8/17/20,-0.3,0.75
8/17/20,-0.287878788,0.5
8/17/20,-0.285714286,0.357142857
8/17/20,-0.281818182,0.65
8/17/20,-0.25,0.5
8/17/20,-0.25,0.533333333
8/17/20,-0.25,0.95
8/17/20,-0.25,1
8/17/20,-0.208333333,0.458333333
8/17/20,-0.2,0
8/17/20,-0.2,0.05
8/17/20,-0.2,0.15
8/17/20,-0.2,0.2
8/17/20,-0.2,0.3
8/17/20,-0.2,0.35
8/17/20,-0.2,0.4
8/17/20,-0.2,0.5
8/17/20,-0.2,0.8
8/17/20,-0.194444444,0.288888889
8/17/20,-0.181818182,0.727272727
8/17/20,-0.175,0.525
8/17/20,-0.175,0.7
8/17/20,-0.175,0.75
8/17/20,-0.175,0.8
8/17/20,-0.166666667,0.433333333
8/17/20,-0.1625,0.1875
8/17/20,-0.15,0.05
8/17/20,-0.15,0.2
8/17/20,-0.15,0.4
8/17/20,-0.15,0.5
8/17/20,-0.15,0.7
8/17/20,-0.146666667,0.435555556
8/17/20,-0.1375,0.3875
8/17/20,-0.133333333,0.6
8/17/20,-0.133333333,0.622222222
8/17/20,-0.125,0.375
8/17/20,-0.125,1
8/17/20,-0.116666667,0.533333333
8/17/20,-0.113888889,0.205555556
8/17/20,-0.108333333,0.35
8/17/20,-0.10625,0.53125
8/17/20,-0.1,0
8/17/20,-0.1,0.070833333
8/17/20,-0.1,0.1
8/17/20,-0.1,0.2
8/17/20,-0.1,0.25
8/17/20,-0.1,0.3
8/17/20,-0.1,0.4
8/17/20,-0.1,0.5
8/17/20,-0.1,0.5
8/17/20,-0.097222222,0.247222222
8/17/20,-0.0875,0.1375
8/17/20,-0.083333333,0.216666667
8/17/20,-0.079365079,0.215873016
8/17/20,-0.077777778,0.194444444
8/17/20,-0.075,0.05
8/17/20,-0.075,0.15
8/17/20,-0.06875,0.25
8/17/20,-0.066666667,0.033333333
8/17/20,-0.066666667,0.266666667
8/17/20,-0.0625,0.0625
8/17/20,-0.0625,0.3875
8/17/20,-0.056818182,0.352272727
8/17/20,-0.05,0
8/17/20,-0.05,0.05
8/17/20,-0.05,0.2
8/17/20,-0.05,0.225
8/17/20,-0.05,0.4
8/17/20,-0.05,0.5
8/17/20,-0.0375,0.95
8/17/20,-0.025,0
8/17/20,-0.025,0.366666667
8/17/20,-0.025,0.483333333
8/17/20,-0.021212121,0.168181818
8/17/20,-0.015151515,0.466666667
8/17/20,-0.006818182,0.427272727
8/17/20,0,0.05
8/17/20,0,0.0625
8/17/20,0,0.066666667
8/17/20,0,0.076923077
8/17/20,0,0.083333333
8/17/20,0,0.1
8/17/20,0,0.125
8/17/20,0,0.25
8/17/20,0,0.283333333
8/17/20,0,0.3
8/17/20,0,0.333333333
8/17/20,0,0.375
8/17/20,0,0.4
8/17/20,0,0.416666667
8/17/20,0,0.4625
8/17/20,0,0.5
8/17/20,0,0.533333333
8/17/20,0,0.6
8/17/20,0,0.625
8/17/20,0,0.7
8/17/20,0,0.75
8/17/20,0,0.8
8/17/20,0,1
8/17/20,0.001515152,0.527272727
8/17/20,0.005681818,0.289772727
8/17/20,0.007575758,0.401515152
8/17/20,0.018181818,0.277272727
8/17/20,0.018181818,0.327272727
8/17/20,0.025,0.25
8/17/20,0.033333333,0.066666667
8/17/20,0.042424242,0.237373737
8/17/20,0.05,0.2
8/17/20,0.05,0.45
8/17/20,0.05,0.5
8/17/20,0.0625,0.3125
8/17/20,0.0625,0.5
8/17/20,0.066666667,0.266666667
8/17/20,0.066666667,0.616666667
8/17/20,0.068181818,0.227272727
8/17/20,0.068181818,0.252272727
8/17/20,0.068181818,0.277272727
8/17/20,0.068181818,0.377272727
8/17/20,0.068181818,0.427272727
8/17/20,0.068181818,0.477272727
8/17/20,0.068181818,0.602272727
8/17/20,0.075,0.266666667
8/17/20,0.075,0.6
8/17/20,0.083333333,0.458333333
8/17/20,0.084848485,0.260606061
8/17/20,0.095238095,0.311904762
8/17/20,0.1,0
8/17/20,0.1,0.1
8/17/20,0.1,0.2
8/17/20,0.1,0.3
8/17/20,0.1,0.35
8/17/20,0.1,0.35
8/17/20,0.1,0.4
8/17/20,0.1,0.433333333
8/17/20,0.1,0.55
8/17/20,0.1,1
8/17/20,0.116666667,0.616666667
8/17/20,0.118181818,0.377272727
8/17/20,0.125,0.166666667
8/17/20,0.125,0.625
8/17/20,0.128571429,0.285714286
8/17/20,0.133333333,0.233333333
8/17/20,0.133333333,0.366666667
8/17/20,0.134090909,0.338636364
8/17/20,0.136363636,0.454545455
8/17/20,0.136363636,0.477272727
8/17/20,0.136363636,0.5
8/17/20,0.148181818,0.497272727
8/17/20,0.15,0.275
8/17/20,0.15,0.55
8/17/20,0.15,0.875
8/17/20,0.151515152,0.477272727
8/17/20,0.16,0.54
8/17/20,0.1625,0.35
8/17/20,0.166666667,0.283333333
8/17/20,0.166666667,0.333333333
8/17/20,0.175,0.366666667
8/17/20,0.177083333,0.427083333
8/17/20,0.178571429,0.285714286
8/17/20,0.18,0.37
8/17/20,0.1875,0.4375
8/17/20,0.197979798,0.548484848
8/17/20,0.2,0.2
8/17/20,0.2,0.3
8/17/20,0.2,0.35
8/17/20,0.2,0.4
8/17/20,0.2,0.5
8/17/20,0.2,0.6
8/17/20,0.2,0.7
8/17/20,0.2,1
8/17/20,0.2125,0.275
8/17/20,0.214285714,0.428571429
8/17/20,0.218181818,0.677272727
8/17/20,0.225,0.675
8/17/20,0.227272727,0.545454545
8/17/20,0.233333333,0.288888889
8/17/20,0.25,0.25
8/17/20,0.25,0.3
8/17/20,0.25,0.333333333
8/17/20,0.25,0.45
8/17/20,0.25,0.5
8/17/20,0.25,1
8/17/20,0.257575758,0.618181818
8/17/20,0.258333333,0.45
8/17/20,0.283333333,0.366666667
8/17/20,0.283333333,0.5
8/17/20,0.285714286,0.535714286
8/17/20,0.3,0
8/17/20,0.3,0.25
8/17/20,0.3,0.5
8/17/20,0.3,0.5125
8/17/20,0.3,0.561111111
8/17/20,0.305555556,0.666666667
8/17/20,0.315,0.75
8/17/20,0.316666667,0.716666667
8/17/20,0.318181818,0.477272727
8/17/20,0.318181818,0.727272727
8/17/20,0.333333333,0.5
8/17/20,0.333333333,0.633333333
8/17/20,0.333333333,0.666666667
8/17/20,0.341666667,0.841666667
8/17/20,0.345454545,0.651515152
8/17/20,0.35,0.55
8/17/20,0.35,0.7
8/17/20,0.357142857,0.571428571
8/17/20,0.363636364,0.522727273
8/17/20,0.375,0.416666667
8/17/20,0.375,0.875
8/17/20,0.383333333,0.5
8/17/20,0.4,0.5
8/17/20,0.4,0.7
8/17/20,0.4,0.8
8/17/20,0.4,0.9
8/17/20,0.416666667,0.5
8/17/20,0.425,0.5
8/17/20,0.433333333,0.733333333
8/17/20,0.5,0.5
8/17/20,0.5,0.75
8/17/20,0.5,0.833333333
8/17/20,0.5,1
8/17/20,0.516666667,0.816666667
8/17/20,0.516666667,0.85
8/17/20,0.55,0.85
8/17/20,0.6,0.8
8/17/20,0.6,0.9
8/17/20,0.6,1
8/17/20,0.7,0.8
8/17/20,0.7,0.9
8/17/20,0.8,0.4
8/17/20,0.8,1
8/17/20,1,0.3
8/17/20,1,1
8/16/20,-1,1
8/16/20,-0.875,1
8/16/20,-0.8,0.9
8/16/20,-0.8,1
8/16/20,-0.75,0.75
8/16/20,-0.714285714,0.857142857
8/16/20,-0.7,0.2
8/16/20,-0.7,1
8/16/20,-0.6,0.8
8/16/20,-0.6,0.9
8/16/20,-0.6,1
8/16/20,-0.5,0.3
8/16/20,-0.5,0.5
8/16/20,-0.5,0.7
8/16/20,-0.5,0.866666667
8/16/20,-0.5,0.9
8/16/20,-0.5,1
8/16/20,-0.4625,0.6875
8/16/20,-0.425,0.7
8/16/20,-0.4,0.4
8/16/20,-0.4,0.45
8/16/20,-0.4,0.55
8/16/20,-0.4,0.6
8/16/20,-0.4,0.625
8/16/20,-0.4,0.7
8/16/20,-0.4,0.8
8/16/20,-0.388888889,0.833333333
8/16/20,-0.351767677,0.6
8/16/20,-0.333333333,0.666666667
8/16/20,-0.325,0.325
8/16/20,-0.325,0.425
8/16/20,-0.3125,0.6875
8/16/20,-0.3,0.2
8/16/20,-0.3,0.4
8/16/20,-0.3,0.5
8/16/20,-0.3,0.55
8/16/20,-0.2875,0.475
8/16/20,-0.25,0.25
8/16/20,-0.25,0.533333333
8/16/20,-0.233333333,0.454166667
8/16/20,-0.205357143,0.595238095
8/16/20,-0.2,0
8/16/20,-0.2,0.05
8/16/20,-0.2,0.2
8/16/20,-0.2,0.275
8/16/20,-0.2,0.3
8/16/20,-0.2,0.4
8/16/20,-0.2,0.5
8/16/20,-0.2,0.8
8/16/20,-0.178571429,0.285714286
8/16/20,-0.175,0.175
8/16/20,-0.166666667,0.333333333
8/16/20,-0.166666667,0.433333333
8/16/20,-0.166666667,0.5
8/16/20,-0.166666667,0.783333333
8/16/20,-0.155555556,0.288888889
8/16/20,-0.145833333,0.270833333
8/16/20,-0.142857143,0.535714286
8/16/20,-0.125,0.125
8/16/20,-0.125,0.375
8/16/20,-0.1,0
8/16/20,-0.1,0.058333333
8/16/20,-0.1,0.083333333
8/16/20,-0.1,0.1
8/16/20,-0.1,0.2
8/16/20,-0.1,0.25
8/16/20,-0.1,0.4
8/16/20,-0.1,0.5
8/16/20,-0.1,0.9
8/16/20,-0.077777778,0.644444444
8/16/20,-0.075,0.05
8/16/20,-0.071212121,0.534848485
8/16/20,-0.068181818,0.454545455
8/16/20,-0.0625,0.1125
8/16/20,-0.05,0
8/16/20,-0.05,0.05
8/16/20,-0.05,0.083333333
8/16/20,-0.05,0.4
8/16/20,-0.044444444,0.455555556
8/16/20,-0.04375,0.45
8/16/20,-0.037878788,0.484848485
8/16/20,-0.035714286,0.071428571
8/16/20,-0.033333333,0
8/16/20,-0.033333333,0.3
8/16/20,-0.025,0
8/16/20,-0.025,0.125
8/16/20,-0.0125,0.0625
8/16/20,0,0.033333333
8/16/20,0,0.05
8/16/20,0,0.066666667
8/16/20,0,0.1
8/16/20,0,0.125
8/16/20,0,0.142857143
8/16/20,0,0.166666667
8/16/20,0,0.2
8/16/20,0,0.25
8/16/20,0,0.283333333
8/16/20,0,0.3
8/16/20,0,0.333333333
8/16/20,0,0.375
8/16/20,0,0.4
8/16/20,0,0.5
8/16/20,0,0.55
8/16/20,0,0.75
8/16/20,0,1
8/16/20,0.003787879,0.226515152
8/16/20,0.007142857,0.25
8/16/20,0.016666667,0.2
8/16/20,0.032467532,0.334415584
8/16/20,0.033333333,0.066666667
8/16/20,0.033333333,0.866666667
8/16/20,0.034090909,0.454545455
8/16/20,0.045454545,0.173737374
8/16/20,0.05,0
8/16/20,0.05,0.05
8/16/20,0.05,0.2
8/16/20,0.0625,0.5
8/16/20,0.068181818,0.227272727
8/16/20,0.068181818,0.260606061
8/16/20,0.068181818,0.377272727
8/16/20,0.068181818,0.602272727
8/16/20,0.078787879,0.301515152
8/16/20,0.08,0.27
8/16/20,0.083333333,0.338888889
8/16/20,0.090909091,0.318181818
8/16/20,0.091666667,0.766666667
8/16/20,0.1,0
8/16/20,0.1,0.1
8/16/20,0.1,0.2
8/16/20,0.1,0.3
8/16/20,0.1,0.308333333
8/16/20,0.1,0.366666667
8/16/20,0.1,0.4
8/16/20,0.1,0.45
8/16/20,0.1,0.55
8/16/20,0.1,0.9
8/16/20,0.107142857,0.214285714
8/16/20,0.125,0.625
8/16/20,0.125,0.925
8/16/20,0.133333333,0.466666667
8/16/20,0.136363636,0.454545455
8/16/20,0.136363636,0.477272727
8/16/20,0.136363636,0.5
8/16/20,0.142857143,0.267857143
8/16/20,0.15,0.6
8/16/20,0.16,0.54
8/16/20,0.160876623,0.418993506
8/16/20,0.166666667,0.333333333
8/16/20,0.166666667,0.361111111
8/16/20,0.166666667,0.5
8/16/20,0.167676768,0.518181818
8/16/20,0.1875,0.375
8/16/20,0.1875,0.4375
8/16/20,0.2,0.1
8/16/20,0.2,0.2
8/16/20,0.2,0.322222222
8/16/20,0.2,0.5
8/16/20,0.2,0.65
8/16/20,0.2,1
8/16/20,0.205,0.436666667
8/16/20,0.212121212,0.359848485
8/16/20,0.214285714,0.428571429
8/16/20,0.214285714,0.571428571
8/16/20,0.218181818,0.477272727
8/16/20,0.227272727,0.545454545
8/16/20,0.25,0.25
8/16/20,0.25,0.333333333
8/16/20,0.25,0.694444444
8/16/20,0.25,0.75
8/16/20,0.283333333,0.616666667
8/16/20,0.285714286,0.535714286
8/16/20,0.3,0.1
8/16/20,0.3,0.2
8/16/20,0.3,0.433333333
8/16/20,0.3,0.45
8/16/20,0.3,0.5
8/16/20,0.3,0.75
8/16/20,0.3,0.9
8/16/20,0.318181818,0.477272727
8/16/20,0.318181818,0.5
8/16/20,0.333333333,0.397222222
8/16/20,0.333333333,0.5
8/16/20,0.35,0.6
8/16/20,0.35,0.7
8/16/20,0.357142857,0.571428571
8/16/20,0.375,0.666666667
8/16/20,0.375,1
8/16/20,0.4,0.4
8/16/20,0.4,0.7
8/16/20,0.4,0.8
8/16/20,0.4,0.9
8/16/20,0.416666667,0.5
8/16/20,0.45,0.85
8/16/20,0.5,0.5
8/16/20,0.5,0.55
8/16/20,0.5,0.833333333
8/16/20,0.5,0.9
8/16/20,0.5,1
8/16/20,0.563333333,0.953333333
8/16/20,0.575,0.375
8/16/20,0.6,0.75
8/16/20,0.6,1
8/16/20,0.7,0.9
8/16/20,0.75,0.95
8/16/20,0.8,0.4
8/16/20,0.8,0.75
8/16/20,1,0.3
8/15/20,-1,1
8/15/20,-0.8,0.9
8/15/20,-0.8,1
8/15/20,-0.75,0.75
8/15/20,-0.75,1
8/15/20,-0.7,0.2
8/15/20,-0.7,0.666666667
8/15/20,-0.6,0.9
8/15/20,-0.5,0.3
8/15/20,-0.5,0.7
8/15/20,-0.5,0.866666667
8/15/20,-0.5,1
8/15/20,-0.45,0.7
8/15/20,-0.416666667,0.633333333
8/15/20,-0.4,0.6
8/15/20,-0.333333333,0.366666667
8/15/20,-0.333333333,0.414285714
8/15/20,-0.333333333,0.583333333
8/15/20,-0.333333333,0.666666667
8/15/20,-0.327777778,0.644444444
8/15/20,-0.3,0.2
8/15/20,-0.3,0.3
8/15/20,-0.266666667,0.25
8/15/20,-0.260416667,0.34375
8/15/20,-0.25,0.25
8/15/20,-0.25,0.5
8/15/20,-0.225,0.116666667
8/15/20,-0.2,0
8/15/20,-0.2,0.15
8/15/20,-0.2,0.3
8/15/20,-0.2,0.4
8/15/20,-0.2,0.5
8/15/20,-0.2,0.5125
8/15/20,-0.166666667,0.25
8/15/20,-0.166666667,0.433333333
8/15/20,-0.158333333,0.291666667
8/15/20,-0.155555556,0.288888889
8/15/20,-0.133333333,0.266666667
8/15/20,-0.131818182,0.577272727
8/15/20,-0.125,0.125
8/15/20,-0.125,0.375
8/15/20,-0.125,1
8/15/20,-0.116666667,0.533333333
8/15/20,-0.108333333,0.425
8/15/20,-0.1,0
8/15/20,-0.1,0.025
8/15/20,-0.1,0.1
8/15/20,-0.1,0.2
8/15/20,-0.1,0.25
8/15/20,-0.1,0.7
8/15/20,-0.090909091,0.348484848
8/15/20,-0.077777778,0.144444444
8/15/20,-0.075,0.05
8/15/20,-0.071428571,0.142857143
8/15/20,-0.071428571,0.214285714
8/15/20,-0.065656566,0.5
8/15/20,-0.058333333,0.425
8/15/20,-0.056818182,0.352272727
8/15/20,-0.05,0
8/15/20,-0.05,0.05
8/15/20,-0.05,0.133333333
8/15/20,-0.05,0.2
8/15/20,-0.05,0.4
8/15/20,-0.033333333,0.155555556
8/15/20,-0.031818182,0.377272727
8/15/20,-0.025,0.083333333
8/15/20,-0.025,0.125
8/15/20,-0.020454545,0.295909091
8/15/20,-0.0125,0.5625
8/15/20,0,0.05
8/15/20,0,0.066666667
8/15/20,0,0.1
8/15/20,0,0.15
8/15/20,0,0.25
8/15/20,0,0.3
8/15/20,0,0.366666667
8/15/20,0,0.4
8/15/20,0,0.425
8/15/20,0,0.5
8/15/20,0,0.55
8/15/20,0,0.7
8/15/20,0,0.75
8/15/20,0,0.8
8/15/20,0,1
8/15/20,0.001515152,0.527272727
8/15/20,0.016666667,0.111111111
8/15/20,0.025,0.275
8/15/20,0.03125,0.75
8/15/20,0.033333333,0.066666667
8/15/20,0.033333333,0.366666667
8/15/20,0.05,0.15
8/15/20,0.05,0.233333333
8/15/20,0.05,0.4
8/15/20,0.0625,0.5
8/15/20,0.0625,0.6125
8/15/20,0.063636364,0.322727273
8/15/20,0.064285714,0.207142857
8/15/20,0.068181818,0.227272727
8/15/20,0.072222222,0.519444444
8/15/20,0.075,0.566666667
8/15/20,0.08,0.27
8/15/20,0.081481481,0.612962963
8/15/20,0.082142857,0.214285714
8/15/20,0.083333333,0.55
8/15/20,0.088888889,0.733333333
8/15/20,0.1,0
8/15/20,0.1,0.1
8/15/20,0.1,0.2
8/15/20,0.1,0.3
8/15/20,0.1,0.35
8/15/20,0.1,0.383333333
8/15/20,0.1,0.4
8/15/20,0.1,1
8/15/20,0.113636364,0.422727273
8/15/20,0.118181818,0.377272727
8/15/20,0.125,0.05
8/15/20,0.125,0.475
8/15/20,0.128571429,0.485714286
8/15/20,0.136363636,0.454545455
8/15/20,0.136363636,0.477272727
8/15/20,0.136363636,0.5
8/15/20,0.148181818,0.497272727
8/15/20,0.15,0.25
8/15/20,0.15,0.3
8/15/20,0.15,0.45
8/15/20,0.15,0.65
8/15/20,0.16,0.54
8/15/20,0.1625,0.475
8/15/20,0.166666667,0.688888889
8/15/20,0.166666667,1
8/15/20,0.168181818,0.502272727
8/15/20,0.175,0.375
8/15/20,0.193181818,0.416666667
8/15/20,0.2,0.1
8/15/20,0.2,0.2
8/15/20,0.2,0.3
8/15/20,0.2,0.45
8/15/20,0.2,0.55
8/15/20,0.2,1
8/15/20,0.214285714,0.428571429
8/15/20,0.216666667,0.616666667
8/15/20,0.218181818,0.477272727
8/15/20,0.225,0.25
8/15/20,0.227272727,0.545454545
8/15/20,0.25,0.25
8/15/20,0.25,0.3
8/15/20,0.25,0.333333333
8/15/20,0.25,0.4
8/15/20,0.25,0.5
8/15/20,0.25,0.75
8/15/20,0.25,0.85
8/15/20,0.268181818,0.727272727
8/15/20,0.285714286,0.535714286
8/15/20,0.3,0.1
8/15/20,0.3,0.2
8/15/20,0.3,0.466666667
8/15/20,0.3,0.5625
8/15/20,0.3,0.5875
8/15/20,0.3,0.666666667
8/15/20,0.3,0.75
8/15/20,0.3,0.9
8/15/20,0.316666667,0.35
8/15/20,0.318181818,0.477272727
8/15/20,0.35,0.575
8/15/20,0.35,0.75
8/15/20,0.357142857,0.571428571
8/15/20,0.363636364,0.522727273
8/15/20,0.366666667,0.7
8/15/20,0.368181818,0.677272727
8/15/20,0.375,0.4
8/15/20,0.375,0.625
8/15/20,0.375,0.875
8/15/20,0.4,0.3
8/15/20,0.4,0.333333333
8/15/20,0.4,0.375
8/15/20,0.4,0.4
8/15/20,0.4,0.45
8/15/20,0.4,0.5
8/15/20,0.4,0.7
8/15/20,0.4,0.8
8/15/20,0.4,0.9
8/15/20,0.4,1
8/15/20,0.416666667,0.5
8/15/20,0.433333333,0.733333333
8/15/20,0.5,0.5
8/15/20,0.5,0.6
8/15/20,0.5,0.75
8/15/20,0.5,0.833333333
8/15/20,0.5,0.888888889
8/15/20,0.55,0.85
8/15/20,0.55,0.95
8/15/20,0.6,0.8
8/15/20,0.6,0.9
8/15/20,0.7,0.8
8/15/20,0.75,0.9
8/15/20,0.75,0.95
8/15/20,0.8,0.4
8/15/20,0.8,1
8/14/20,-1,1
8/14/20,-0.875,1
8/14/20,-0.8,0.9
8/14/20,-0.8,1
8/14/20,-0.75,0.75
8/14/20,-0.7,0.666666667
8/14/20,-0.666666667,1
8/14/20,-0.6,0.6
8/14/20,-0.6,0.7
8/14/20,-0.6,0.8
8/14/20,-0.6,0.9
8/14/20,-0.55,0.65
8/14/20,-0.533333333,0.633333333
8/14/20,-0.5,0.3
8/14/20,-0.5,0.5
8/14/20,-0.5,0.9
8/14/20,-0.5,1
8/14/20,-0.45,0.525
8/14/20,-0.45,0.8
8/14/20,-0.4375,0.55
8/14/20,-0.4,0.35
8/14/20,-0.4,0.4
8/14/20,-0.4,0.5
8/14/20,-0.4,0.6
8/14/20,-0.4,0.7
8/14/20,-0.388888889,0.833333333
8/14/20,-0.3625,0.6625
8/14/20,-0.35,0.1
8/14/20,-0.35,0.7
8/14/20,-0.333333333,0.666666667
8/14/20,-0.327777778,0.394444444
8/14/20,-0.322222222,0.377777778
8/14/20,-0.316666667,0.3
8/14/20,-0.3,0.1
8/14/20,-0.3,0.2
8/14/20,-0.3,0.4
8/14/20,-0.3,0.45
8/14/20,-0.3,0.6
8/14/20,-0.3,0.7
8/14/20,-0.291666667,0.541666667
8/14/20,-0.283333333,0.633333333
8/14/20,-0.281818182,0.627272727
8/14/20,-0.275,0.25
8/14/20,-0.25,0.225
8/14/20,-0.25,0.25
8/14/20,-0.25,0.3
8/14/20,-0.25,0.5
8/14/20,-0.25,0.533333333
8/14/20,-0.25,0.75
8/14/20,-0.24375,0.55
8/14/20,-0.233333333,0.566666667
8/14/20,-0.2,0
8/14/20,-0.2,0.05
8/14/20,-0.2,0.2
8/14/20,-0.2,0.3
8/14/20,-0.2,0.4
8/14/20,-0.2,0.45
8/14/20,-0.2,0.5
8/14/20,-0.2,0.7
8/14/20,-0.2,0.8
8/14/20,-0.17,0.52
8/14/20,-0.166666667,0.333333333
8/14/20,-0.166666667,0.375
8/14/20,-0.166666667,0.433333333
8/14/20,-0.155555556,0.288888889
8/14/20,-0.15,0.25
8/14/20,-0.145833333,0.270833333
8/14/20,-0.136363636,0.706060606
8/14/20,-0.133333333,0.166666667
8/14/20,-0.13,0.325
8/14/20,-0.125,0.125
8/14/20,-0.125,0.2
8/14/20,-0.125,0.375
8/14/20,-0.125,0.6
8/14/20,-0.111111111,0.344444444
8/14/20,-0.1,0
8/14/20,-0.1,0.025
8/14/20,-0.1,0.066666667
8/14/20,-0.1,0.1
8/14/20,-0.1,0.2
8/14/20,-0.1,0.25
8/14/20,-0.1,0.3
8/14/20,-0.1,0.4
8/14/20,-0.1,0.5
8/14/20,-0.084175084,0.429292929
8/14/20,-0.081818182,0.427272727
8/14/20,-0.077777778,0.144444444
8/14/20,-0.075,0.05
8/14/20,-0.075,0.725
8/14/20,-0.07037037,0.47037037
8/14/20,-0.066666667,0.166666667
8/14/20,-0.0625,0.1875
8/14/20,-0.0625,0.270833333
8/14/20,-0.0625,0.5625
8/14/20,-0.056818182,0.352272727
8/14/20,-0.05,0
8/14/20,-0.05,0.05
8/14/20,-0.05,0.2
8/14/20,-0.05,0.4
8/14/20,-0.05,0.7
8/14/20,-0.042857143,0.414285714
8/14/20,-0.041666667,0.5
8/14/20,-0.0375,0.0625
8/14/20,-0.036363636,0.472727273
8/14/20,-0.033333333,0
8/14/20,-0.033333333,0.616666667
8/14/20,-0.027777778,0.344444444
8/14/20,-0.025,0.25
8/14/20,-0.022222222,0.422222222
8/14/20,-0.021428571,0.560714286
8/14/20,-0.015833333,0.465833333
8/14/20,-0.015151515,0.310606061
8/14/20,-0.008333333,0.325
8/14/20,0,0.025
8/14/20,0,0.05
8/14/20,0,0.066666667
8/14/20,0,0.083333333
8/14/20,0,0.1
8/14/20,0,0.125
8/14/20,0,0.233333333
8/14/20,0,0.25
8/14/20,0,0.3
8/14/20,0,0.333333333
8/14/20,0,0.375
8/14/20,0,0.4
8/14/20,0,0.5
8/14/20,0,0.625
8/14/20,0,0.75
8/14/20,0,1
8/14/20,0.005681818,0.414772727
8/14/20,0.00625,0.45
8/14/20,0.016666667,0.033333333
8/14/20,0.016666667,0.166666667
8/14/20,0.023809524,0.297619048
8/14/20,0.032467532,0.357142857
8/14/20,0.033333333,0.066666667
8/14/20,0.05,0.1
8/14/20,0.05,0.2
8/14/20,0.05,0.3375
8/14/20,0.05,0.35
8/14/20,0.05,0.45
8/14/20,0.05,0.5
8/14/20,0.05,0.85
8/14/20,0.05,0.9
8/14/20,0.0625,0.5
8/14/20,0.068181818,0.227272727
8/14/20,0.068181818,0.25
8/14/20,0.068181818,0.277272727
8/14/20,0.068181818,0.727272727
8/14/20,0.075,0.533333333
8/14/20,0.078787879,0.425
8/14/20,0.1,0
8/14/20,0.1,0
8/14/20,0.1,0.05
8/14/20,0.1,0.1
8/14/20,0.1,0.2
8/14/20,0.1,0.275
8/14/20,0.1,0.4
8/14/20,0.1,0.5
8/14/20,0.1,1
8/14/20,0.113636364,0.272727273
8/14/20,0.118181818,0.377272727
8/14/20,0.118181818,0.427272727
8/14/20,0.120833333,0.7375
8/14/20,0.125,0.05
8/14/20,0.125,0.166666667
8/14/20,0.125,0.208333333
8/14/20,0.125,0.5
8/14/20,0.136363636,0.454545455
8/14/20,0.136363636,0.477272727
8/14/20,0.136363636,0.5
8/14/20,0.1375,0.5375
8/14/20,0.15,0.133333333
8/14/20,0.15,0.15
8/14/20,0.15,0.25
8/14/20,0.15,0.3
8/14/20,0.15,0.35
8/14/20,0.15,0.4
8/14/20,0.15,0.45
8/14/20,0.157142857,0.414285714
8/14/20,0.158333333,0.4
8/14/20,0.159090909,0.413636364
8/14/20,0.16,0.54
8/14/20,0.166666667,0.333333333
8/14/20,0.166666667,0.416666667
8/14/20,0.166666667,0.75
8/14/20,0.172222222,0.694444444
8/14/20,0.175,0.166666667
8/14/20,0.177777778,0.688888889
8/14/20,0.178787879,0.466666667
8/14/20,0.2,0.1
8/14/20,0.2,0.2
8/14/20,0.2,0.3
8/14/20,0.2,0.4
8/14/20,0.2,0.5
8/14/20,0.2,1
8/14/20,0.2125,0.775
8/14/20,0.218181818,0.477272727
8/14/20,0.222222222,0.305555556
8/14/20,0.225,0.45
8/14/20,0.227272727,0.545454545
8/14/20,0.233333333,0.2
8/14/20,0.25,0.15
8/14/20,0.25,0.25
8/14/20,0.25,0.3
8/14/20,0.25,0.333333333
8/14/20,0.25,0.375
8/14/20,0.25,0.416666667
8/14/20,0.25,0.470833333
8/14/20,0.25,0.5
8/14/20,0.25,0.666666667
8/14/20,0.25,1
8/14/20,0.268181818,0.677272727
8/14/20,0.268181818,0.727272727
8/14/20,0.3,0.1
8/14/20,0.3,0.2
8/14/20,0.3,0.5
8/14/20,0.3,0.666666667
8/14/20,0.318181818,0.477272727
8/14/20,0.333333333,0.5
8/14/20,0.333333333,0.666666667
8/14/20,0.333333333,0.833333333
8/14/20,0.333333333,1
8/14/20,0.35,0.4
8/14/20,0.35,0.55
8/14/20,0.35,0.65
8/14/20,0.35,0.75
8/14/20,0.35,0.825
8/14/20,0.357142857,0.571428571
8/14/20,0.368181818,0.677272727
8/14/20,0.4,0.1625
8/14/20,0.4,0.5
8/14/20,0.4,0.6
8/14/20,0.4,0.7
8/14/20,0.4,0.8
8/14/20,0.4,0.9
8/14/20,0.4,1
8/14/20,0.402777778,0.638888889
8/14/20,0.405357143,0.607142857
8/14/20,0.416666667,0.5
8/14/20,0.45,0.75
8/14/20,0.468181818,0.677272727
8/14/20,0.5,0.5
8/14/20,0.5,0.5625
8/14/20,0.5,0.7
8/14/20,0.5,0.8
8/14/20,0.5,0.833333333
8/14/20,0.5,0.9
8/14/20,0.5,1
8/14/20,0.55,0.95
8/14/20,0.6,0.9
8/14/20,0.6,1
8/14/20,0.625,0.5
8/14/20,0.7,0.1
8/14/20,0.7,0.8
8/14/20,0.7,0.9
8/14/20,0.8,0.4
8/14/20,0.8,0.9
8/14/20,0.8,1
8/14/20,1,0.3
8/13/20,-1,1
8/13/20,-0.8,1
8/13/20,-0.714285714,0.857142857
8/13/20,-0.7,0.2
8/13/20,-0.7,0.666666667
8/13/20,-0.7,0.9
8/13/20,-0.6,0.8
8/13/20,-0.6,0.9
8/13/20,-0.6,1
8/13/20,-0.557142857,0.778571429
8/13/20,-0.5,0.3
8/13/20,-0.5,0.3
8/13/20,-0.5,0.5
8/13/20,-0.5,0.5625
8/13/20,-0.5,0.875
8/13/20,-0.5,1
8/13/20,-0.466666667,0.683333333
8/13/20,-0.45,0.6
8/13/20,-0.431818182,0.727272727
8/13/20,-0.416666667,0.783333333
8/13/20,-0.4,0.4
8/13/20,-0.4,0.6
8/13/20,-0.375,0.425
8/13/20,-0.35,0.5
8/13/20,-0.344444444,0.522222222
8/13/20,-0.333333333,0.233333333
8/13/20,-0.333333333,0.566666667
8/13/20,-0.333333333,0.666666667
8/13/20,-0.3,0.1
8/13/20,-0.3,0.2
8/13/20,-0.3,0.4
8/13/20,-0.3,0.45
8/13/20,-0.3,0.5
8/13/20,-0.3,0.6
8/13/20,-0.275,0.25
8/13/20,-0.25,0.25
8/13/20,-0.25,0.35
8/13/20,-0.25,0.375
8/13/20,-0.25,0.4
8/13/20,-0.25,0.5
8/13/20,-0.25,1
8/13/20,-0.238888889,0.372222222
8/13/20,-0.233333333,0.283333333
8/13/20,-0.233333333,0.5
8/13/20,-0.230769231,0.461538462
8/13/20,-0.208333333,0.35
8/13/20,-0.2,0
8/13/20,-0.2,0.05
8/13/20,-0.2,0.2
8/13/20,-0.2,0.275
8/13/20,-0.2,0.3
8/13/20,-0.2,0.35
8/13/20,-0.2,0.4
8/13/20,-0.2,0.5
8/13/20,-0.2,0.7
8/13/20,-0.1875,0.5
8/13/20,-0.177777778,0.488888889
8/13/20,-0.175,0.375
8/13/20,-0.166666667,0.066666667
8/13/20,-0.166666667,0.166666667
8/13/20,-0.166666667,0.433333333
8/13/20,-0.1625,0.2875
8/13/20,-0.1625,0.375
8/13/20,-0.16,0.26
8/13/20,-0.155555556,0.288888889
8/13/20,-0.15,0.05
8/13/20,-0.15,0.1
8/13/20,-0.15,0.4
8/13/20,-0.15,0.55
8/13/20,-0.145833333,0.404166667
8/13/20,-0.125,0.125
8/13/20,-0.125,0.375
8/13/20,-0.125,1
8/13/20,-0.108333333,0.533333333
8/13/20,-0.1,0
8/13/20,-0.1,0.058333333
8/13/20,-0.1,0.1
8/13/20,-0.1,0.2
8/13/20,-0.1,0.247619048
8/13/20,-0.1,0.25
8/13/20,-0.1,0.4
8/13/20,-0.1,0.433333333
8/13/20,-0.1,0.5
8/13/20,-0.1,0.6
8/13/20,-0.083333333,0.533333333
8/13/20,-0.081818182,0.45
8/13/20,-0.077777778,0.144444444
8/13/20,-0.077777778,0.169444444
8/13/20,-0.077777778,0.177777778
8/13/20,-0.075,0.05
8/13/20,-0.071428571,0.142857143
8/13/20,-0.068181818,0.454545455
8/13/20,-0.066666667,0.55
8/13/20,-0.061904762,0.376190476
8/13/20,-0.055555556,0.227777778
8/13/20,-0.055555556,0.6
8/13/20,-0.053571429,0.633928571
8/13/20,-0.05,0
8/13/20,-0.05,0.05
8/13/20,-0.05,0.1
8/13/20,-0.05,0.2
8/13/20,-0.05,0.225
8/13/20,-0.05,0.25
8/13/20,-0.05,0.3
8/13/20,-0.05,0.4
8/13/20,-0.05,0.55
8/13/20,-0.049142857,0.515714286
8/13/20,-0.046666667,0.213333333
8/13/20,-0.041666667,0.147222222
8/13/20,-0.033333333,0.033333333
8/13/20,-0.015151515,0.310606061
8/13/20,-0.013333333,0.335555556
8/13/20,-5.55E-17,0.683333333
8/13/20,0,0.05
8/13/20,0,0.066666667
8/13/20,0,0.1
8/13/20,0,0.1125
8/13/20,0,0.125
8/13/20,0,0.166666667
8/13/20,0,0.25
8/13/20,0,0.3
8/13/20,0,0.333333333
8/13/20,0,0.357142857
8/13/20,0,0.375
8/13/20,0,0.377777778
8/13/20,0,0.380952381
8/13/20,0,0.4
8/13/20,0,0.5
8/13/20,0,0.6
8/13/20,0,0.75
8/13/20,0,0.8
8/13/20,0,1
8/13/20,0.012121212,0.618181818
8/13/20,0.016666667,0.416666667
8/13/20,0.017676768,0.518181818
8/13/20,0.018181818,0.277272727
8/13/20,0.021212121,0.415151515
8/13/20,0.022222222,0.394444444
8/13/20,0.033333333,0.066666667
8/13/20,0.033333333,0.133333333
8/13/20,0.041666667,0.466666667
8/13/20,0.05,0.05
8/13/20,0.05,0.1
8/13/20,0.05,0.2
8/13/20,0.05,0.2375
8/13/20,0.05,0.25
8/13/20,0.05,0.3375
8/13/20,0.05,0.5
8/13/20,0.05,0.55
8/13/20,0.053333333,0.346666667
8/13/20,0.055555556,0.436507937
8/13/20,0.0625,0.1875
8/13/20,0.0625,0.5
8/13/20,0.066666667,0.266666667
8/13/20,0.066666667,0.433333333
8/13/20,0.068181818,0.227272727
8/13/20,0.068181818,0.260606061
8/13/20,0.068181818,0.289772727
8/13/20,0.068181818,0.602272727
8/13/20,0.078125,0.39375
8/13/20,0.08,0.27
8/13/20,0.080357143,0.455357143
8/13/20,0.083333333,0.666666667
8/13/20,0.094090909,0.38
8/13/20,0.1,0
8/13/20,0.1,0.083333333
8/13/20,0.1,0.1
8/13/20,0.1,0.3
8/13/20,0.1,0.4
8/13/20,0.1,0.491666667
8/13/20,0.1,1
8/13/20,0.109090909,0.415151515
8/13/20,0.113636364,0.272727273
8/13/20,0.113636364,0.772727273
8/13/20,0.116666667,0.333333333
8/13/20,0.118181818,0.377272727
8/13/20,0.12020202,0.460858586
8/13/20,0.125,0.166666667
8/13/20,0.125,0.216666667
8/13/20,0.125,0.25
8/13/20,0.133333333,0.366666667
8/13/20,0.136363636,0.454545455
8/13/20,0.136363636,0.46969697
8/13/20,0.136363636,0.477272727
8/13/20,0.136363636,0.5
8/13/20,0.138888889,0.188888889
8/13/20,0.141071429,0.519642857
8/13/20,0.148181818,0.497272727
8/13/20,0.15,0
8/13/20,0.15,0.25
8/13/20,0.15,0.416666667
8/13/20,0.15,0.5
8/13/20,0.15,0.8
8/13/20,0.15625,0.666666667
8/13/20,0.16,0.54
8/13/20,0.163333333,0.436666667
8/13/20,0.166666667,0.272222222
8/13/20,0.175,0.325
8/13/20,0.178571429,0.473214286
8/13/20,0.181818182,0.5
8/13/20,0.2,0.1
8/13/20,0.2,0.2
8/13/20,0.2,0.3
8/13/20,0.2,0.433333333
8/13/20,0.2,0.5
8/13/20,0.2,0.55
8/13/20,0.2,0.5625
8/13/20,0.2,0.9
8/13/20,0.214285714,0.571428571
8/13/20,0.214285714,0.642857143
8/13/20,0.225,0.266666667
8/13/20,0.225,0.625
8/13/20,0.227272727,0.545454545
8/13/20,0.25,0.25
8/13/20,0.25,0.3
8/13/20,0.25,0.333333333
8/13/20,0.25,0.416666667
8/13/20,0.25,0.4375
8/13/20,0.25,0.5
8/13/20,0.25,0.95
8/13/20,0.268181818,0.427272727
8/13/20,0.268181818,0.727272727
8/13/20,0.285714286,0.535714286
8/13/20,0.3,0.1
8/13/20,0.3,0.2
8/13/20,0.3,0.35
8/13/20,0.3,0.5
8/13/20,0.3,0.65
8/13/20,0.3,0.9
8/13/20,0.313636364,0.522727273
8/13/20,0.318181818,0.477272727
8/13/20,0.318181818,0.643939394
8/13/20,0.318181818,0.727272727
8/13/20,0.325,0.3125
8/13/20,0.333333333,0.5
8/13/20,0.345454545,0.666666667
8/13/20,0.35,0.4625
8/13/20,0.35,0.55
8/13/20,0.357142857,0.571428571
8/13/20,0.363636364,0.522727273
8/13/20,0.375,0.875
8/13/20,0.4,0.5
8/13/20,0.4,0.8
8/13/20,0.4,0.9
8/13/20,0.4,1
8/13/20,0.409090909,0.515151515
8/13/20,0.45,0.65
8/13/20,0.45,0.75
8/13/20,0.5,0.5
8/13/20,0.5,0.625
8/13/20,0.5,0.7
8/13/20,0.5,0.75
8/13/20,0.5,0.8
8/13/20,0.5,0.833333333
8/13/20,0.5,0.875
8/13/20,0.5,0.9
8/13/20,0.5,1
8/13/20,0.525,0.975
8/13/20,0.6,1
8/13/20,0.7,0.6
8/13/20,0.7,0.9
8/13/20,0.75,0.75
8/13/20,0.75,0.95
8/13/20,0.8,0.4
8/13/20,0.8,0.9
8/13/20,0.8,1
8/13/20,1,0.3
8/13/20,1,1
8/12/20,-1,1
8/12/20,-0.8,1
8/12/20,-0.75,0.75
8/12/20,-0.714285714,0.857142857
8/12/20,-0.6,0.7
8/12/20,-0.6,0.8
8/12/20,-0.6,0.9
8/12/20,-0.55,0.7
8/12/20,-0.5,0.3
8/12/20,-0.5,0.5
8/12/20,-0.5,0.65
8/12/20,-0.5,1
8/12/20,-0.483333333,0.533333333
8/12/20,-0.45,0.85
8/12/20,-0.416666667,0.483333333
8/12/20,-0.416666667,0.583333333
8/12/20,-0.4,0.4
8/12/20,-0.4,0.55
8/12/20,-0.4,0.6
8/12/20,-0.4,0.9
8/12/20,-0.35,0.45
8/12/20,-0.333333333,0.666666667
8/12/20,-0.327777778,0.294444444
8/12/20,-0.3125,0.6875
8/12/20,-0.3,0.1
8/12/20,-0.3,0.4
8/12/20,-0.3,0.5
8/12/20,-0.3,0.6
8/12/20,-0.295833333,0.533333333
8/12/20,-0.291666667,0.541666667
8/12/20,-0.266666667,0.666666667
8/12/20,-0.266666667,0.733333333
8/12/20,-0.25,0.25
8/12/20,-0.25,0.4
8/12/20,-0.25,0.5
8/12/20,-0.25,1
8/12/20,-0.208333333,0.425
8/12/20,-0.2,0
8/12/20,-0.2,0.025
8/12/20,-0.2,0.05
8/12/20,-0.2,0.1
8/12/20,-0.2,0.2
8/12/20,-0.2,0.3
8/12/20,-0.2,0.35
8/12/20,-0.2,0.4
8/12/20,-0.2,0.5
8/12/20,-0.177083333,0.466666667
8/12/20,-0.166666667,0.166666667
8/12/20,-0.166666667,0.433333333
8/12/20,-0.166666667,0.483333333
8/12/20,-0.158333333,0.2
8/12/20,-0.155555556,0.288888889
8/12/20,-0.15,0.25
8/12/20,-0.15,0.4
8/12/20,-0.133333333,0.166666667
8/12/20,-0.125,0.125
8/12/20,-0.125,0.375
8/12/20,-0.125,0.7
8/12/20,-0.125,1
8/12/20,-0.121212121,0.818181818
8/12/20,-0.116666667,0.525
8/12/20,-0.116666667,0.533333333
8/12/20,-0.1,0
8/12/20,-0.1,0.033333333
8/12/20,-0.1,0.1
8/12/20,-0.1,0.4
8/12/20,-0.1,0.566666667
8/12/20,-0.1,0.65
8/12/20,-0.0875,0.15
8/12/20,-0.0875,0.275
8/12/20,-0.083333333,0.266666667
8/12/20,-0.081818182,0.3
8/12/20,-0.077777778,0.177777778
8/12/20,-0.075,0.05
8/12/20,-0.075,0.125
8/12/20,-0.075,0.275
8/12/20,-0.075,0.625
8/12/20,-0.0625,0.25
8/12/20,-0.056818182,0.352272727
8/12/20,-0.056818182,0.427272727
8/12/20,-0.05,0
8/12/20,-0.05,0.05
8/12/20,-0.05,0.2
8/12/20,-0.05,0.3
8/12/20,-0.05,0.4
8/12/20,-0.05,0.916666667
8/12/20,-0.038961039,0.405844156
8/12/20,-0.033333333,0.033333333
8/12/20,-0.03125,0.4375
8/12/20,-0.025,0
8/12/20,-0.022222222,0.422222222
8/12/20,-0.01875,0.3
8/12/20,-0.015151515,0.333333333
8/12/20,0,0.025
8/12/20,0,0.033333333
8/12/20,0,0.05
8/12/20,0,0.066666667
8/12/20,0,0.1
8/12/20,0,0.2
8/12/20,0,0.3
8/12/20,0,0.333333333
8/12/20,0,0.375
8/12/20,0,0.4
8/12/20,0,0.5
8/12/20,0,0.533333333
8/12/20,0,0.75
8/12/20,0,0.8
8/12/20,0,1
8/12/20,9.25E-18,0.333333333
8/12/20,0.003787879,0.293181818
8/12/20,0.012121212,0.551515152
8/12/20,0.015625,0.40625
8/12/20,0.016666667,0.033333333
8/12/20,0.018181818,0.427272727
8/12/20,0.020833333,0.354166667
8/12/20,0.021645022,0.222943723
8/12/20,0.022727273,0.553030303
8/12/20,0.025,0.166666667
8/12/20,0.03125,0.15625
8/12/20,0.044444444,0.544444444
8/12/20,0.05,0.05
8/12/20,0.05,0.2
8/12/20,0.05,0.5
8/12/20,0.05,0.5
8/12/20,0.054166667,0.322222222
8/12/20,0.0625,0.375
8/12/20,0.0625,0.5
8/12/20,0.063636364,0.322727273
8/12/20,0.066666667,0.444444444
8/12/20,0.068181818,0.227272727
8/12/20,0.068181818,0.25
8/12/20,0.068181818,0.277272727
8/12/20,0.068181818,0.602272727
8/12/20,0.083333333,0.144444444
8/12/20,0.083333333,0.486111111
8/12/20,0.084343434,0.477777778
8/12/20,0.090909091,0.651515152
8/12/20,0.098809524,0.247619048
8/12/20,0.1,0.05
8/12/20,0.1,0.1
8/12/20,0.1,0.2
8/12/20,0.1,0.3
8/12/20,0.1,0.35
8/12/20,0.1,0.4
8/12/20,0.1,0.5
8/12/20,0.1,0.6
8/12/20,0.1,0.9
8/12/20,0.104166667,0.520833333
8/12/20,0.112121212,0.618181818
8/12/20,0.116666667,0.666666667
8/12/20,0.118181818,0.727272727
8/12/20,0.125,0.216666667
8/12/20,0.125,0.375
8/12/20,0.125,0.5
8/12/20,0.13015873,0.212698413
8/12/20,0.132121212,0.48
8/12/20,0.133333333,1
8/12/20,0.136363636,0.454545455
8/12/20,0.136363636,0.477272727
8/12/20,0.136363636,0.5
8/12/20,0.137121212,0.426515152
8/12/20,0.145833333,0.541666667
8/12/20,0.15,0.05
8/12/20,0.15,0.15
8/12/20,0.15,0.4
8/12/20,0.15,0.45
8/12/20,0.15,0.55
8/12/20,0.15,0.7
8/12/20,0.15,0.75
8/12/20,0.15,0.95
8/12/20,0.16,0.54
8/12/20,0.163636364,0.472727273
8/12/20,0.168181818,0.327272727
8/12/20,0.172222222,0.644444444
8/12/20,0.175,0.308333333
8/12/20,0.183333333,0.55
8/12/20,0.2,0.1
8/12/20,0.2,0.2
8/12/20,0.2,0.3
8/12/20,0.2,0.4
8/12/20,0.2,0.4125
8/12/20,0.2,0.45
8/12/20,0.2,0.55
8/12/20,0.2,0.7
8/12/20,0.2,0.75
8/12/20,0.214285714,0.428571429
8/12/20,0.214285714,0.642857143
8/12/20,0.218181818,0.477272727
8/12/20,0.218181818,0.5
8/12/20,0.220779221,0.487012987
8/12/20,0.227272727,0.545454545
8/12/20,0.233333333,0.4
8/12/20,0.233333333,0.433333333
8/12/20,0.233333333,0.566666667
8/12/20,0.2375,0.588888889
8/12/20,0.238095238,0.39047619
8/12/20,0.25,0.25
8/12/20,0.25,0.283333333
8/12/20,0.25,0.333333333
8/12/20,0.25,0.416666667
8/12/20,0.25,0.5
8/12/20,0.25,0.85
8/12/20,0.254545455,0.681818182
8/12/20,0.257575758,0.484848485
8/12/20,0.268181818,0.427272727
8/12/20,0.268181818,0.577272727
8/12/20,0.268181818,0.727272727
8/12/20,0.275,0.75
8/12/20,0.285714286,0.535714286
8/12/20,0.2875,0.3
8/12/20,0.3,0.1
8/12/20,0.3,0.2
8/12/20,0.3,0.25
8/12/20,0.3,0.45
8/12/20,0.3,0.455555556
8/12/20,0.3,0.5
8/12/20,0.3,0.566666667
8/12/20,0.3,0.7
8/12/20,0.312121212,0.318181818
8/12/20,0.318181818,0.477272727
8/12/20,0.318181818,0.7
8/12/20,0.333333333,0.355555556
8/12/20,0.35,0.35
8/12/20,0.35,0.525
8/12/20,0.35,0.55
8/12/20,0.35,0.65
8/12/20,0.35,0.75
8/12/20,0.35,0.775
8/12/20,0.357142857,0.571428571
8/12/20,0.368181818,0.677272727
8/12/20,0.375,0.475
8/12/20,0.375,0.75
8/12/20,0.4,0.3
8/12/20,0.4,0.4
8/12/20,0.4,0.5
8/12/20,0.4,0.7
8/12/20,0.4,0.8
8/12/20,0.4,0.9
8/12/20,0.416666667,0.5
8/12/20,0.433333333,0.733333333
8/12/20,0.475,0.675
8/12/20,0.5,0.5
8/12/20,0.5,0.55
8/12/20,0.5,0.6
8/12/20,0.5,0.8
8/12/20,0.5,0.833333333
8/12/20,0.5,0.9
8/12/20,0.5,1
8/12/20,0.6,0.9
8/12/20,0.65,0.866666667
8/12/20,0.7,0.7
8/12/20,0.7,0.8
8/12/20,0.7,0.9
8/12/20,0.75,0.95
8/12/20,0.8,0.4
8/12/20,0.8,0.75
8/12/20,0.8,1
8/11/20,-1,1
8/11/20,-0.8,0.9
8/11/20,-0.714285714,0.857142857
8/11/20,-0.625,0.875
8/11/20,-0.6,0.566666667
8/11/20,-0.6,0.7
8/11/20,-0.6,0.9
8/11/20,-0.6,1
8/11/20,-0.583333333,1
8/11/20,-0.55,0.55
8/11/20,-0.5,0.3
8/11/20,-0.5,0.3
8/11/20,-0.5,0.5
8/11/20,-0.5,0.9
8/11/20,-0.5,1
8/11/20,-0.457142857,0.428571429
8/11/20,-0.45,0.85
8/11/20,-0.4,0.333333333
8/11/20,-0.4,0.4
8/11/20,-0.4,0.525
8/11/20,-0.4,0.55
8/11/20,-0.4,0.6
8/11/20,-0.4,0.65
8/11/20,-0.4,0.7
8/11/20,-0.375,0.625
8/11/20,-0.333333333,0.666666667
8/11/20,-0.325,0.45
8/11/20,-0.3125,0.6875
8/11/20,-0.306818182,0.602272727
8/11/20,-0.3,0.3
8/11/20,-0.3,0.35
8/11/20,-0.3,0.4
8/11/20,-0.3,0.4
8/11/20,-0.3,0.55
8/11/20,-0.3,0.6
8/11/20,-0.291666667,0.541666667
8/11/20,-0.291666667,0.75
8/11/20,-0.25625,0.54375
8/11/20,-0.25,0.15
8/11/20,-0.25,0.25
8/11/20,-0.25,0.45
8/11/20,-0.25,0.75
8/11/20,-0.24375,0.55
8/11/20,-0.21875,0.7
8/11/20,-0.205555556,0.433333333
8/11/20,-0.2,0
8/11/20,-0.2,0.05
8/11/20,-0.2,0.25
8/11/20,-0.2,0.266666667
8/11/20,-0.2,0.3
8/11/20,-0.2,0.4
8/11/20,-0.181818182,0.727272727
8/11/20,-0.178571429,0.285714286
8/11/20,-0.175,0.175
8/11/20,-0.175,0.925
8/11/20,-0.166666667,0.066666667
8/11/20,-0.166666667,0.1
8/11/20,-0.166666667,0.133333333
8/11/20,-0.166666667,0.166666667
8/11/20,-0.166666667,0.266666667
8/11/20,-0.166666667,0.433333333
8/11/20,-0.1625,0.3875
8/11/20,-0.155555556,0.288888889
8/11/20,-0.15,0.15
8/11/20,-0.15,0.2
8/11/20,-0.15,0.45
8/11/20,-0.15,0.65
8/11/20,-0.15,0.7
8/11/20,-0.15,0.75
8/11/20,-0.1375,0.05
8/11/20,-0.133333333,0.6
8/11/20,-0.13125,0.4375
8/11/20,-0.125,0.125
8/11/20,-0.125,0.25
8/11/20,-0.125,0.375
8/11/20,-0.125,0.75
8/11/20,-0.1125,0.3875
8/11/20,-0.108333333,0.475
8/11/20,-0.1,0
8/11/20,-0.1,0.1
8/11/20,-0.1,0.2
8/11/20,-0.1,0.25
8/11/20,-0.1,0.366666667
8/11/20,-0.1,0.4
8/11/20,-0.1,0.45
8/11/20,-0.1,0.5
8/11/20,-0.1,0.525
8/11/20,-0.1,0.6
8/11/20,-0.083333333,0.033333333
8/11/20,-0.077777778,0.144444444
8/11/20,-0.077777778,0.194444444
8/11/20,-0.071428571,0.214285714
8/11/20,-0.066666667,0
8/11/20,-0.05,0
8/11/20,-0.05,0.033333333
8/11/20,-0.05,0.05
8/11/20,-0.05,0.1
8/11/20,-0.05,0.2
8/11/20,-0.05,0.225
8/11/20,-0.05,0.4
8/11/20,-0.03125,0.4375
8/11/20,-0.027777778,0.344444444
8/11/20,-0.025,0
8/11/20,-0.025,0.108333333
8/11/20,-0.025,0.266666667
8/11/20,-0.025,0.4
8/11/20,-0.0125,0
8/11/20,-0.0125,0.3375
8/11/20,-0.008333333,0.458333333
8/11/20,0,0.05
8/11/20,0,0.0625
8/11/20,0,0.066666667
8/11/20,0,0.076923077
8/11/20,0,0.1
8/11/20,0,0.125
8/11/20,0,0.15
8/11/20,0,0.166666667
8/11/20,0,0.25
8/11/20,0,0.288461538
8/11/20,0,0.3
8/11/20,0,0.375
8/11/20,0,0.4
8/11/20,0,0.5
8/11/20,0,0.65
8/11/20,0,0.75
8/11/20,0,0.8
8/11/20,0,1
8/11/20,0.001515152,0.527272727
8/11/20,0.0125,0.225
8/11/20,0.016666667,0.033333333
8/11/20,0.021645022,0.306277056
8/11/20,0.025,0.225
8/11/20,0.025,0.5
8/11/20,0.033333333,0.066666667
8/11/20,0.033333333,0.244444444
8/11/20,0.0375,0.4875
8/11/20,0.05,0.25
8/11/20,0.05,0.475
8/11/20,0.05,0.5
8/11/20,0.066666667,0.433333333
8/11/20,0.068181818,0.227272727
8/11/20,0.068181818,0.25
8/11/20,0.068181818,0.289772727
8/11/20,0.068181818,0.427272727
8/11/20,0.073333333,0.651666667
8/11/20,0.074090909,0.498636364
8/11/20,0.075,0.325
8/11/20,0.075,0.5
8/11/20,0.083333333,0.277777778
8/11/20,0.096590909,0.196969697
8/11/20,0.1,0
8/11/20,0.1,0.05
8/11/20,0.1,0.1
8/11/20,0.1,0.2
8/11/20,0.1,0.3
8/11/20,0.1,0.4
8/11/20,0.1,0.4
8/11/20,0.1,0.5
8/11/20,0.1,0.6
8/11/20,0.101010101,0.707070707
8/11/20,0.111111111,0.355555556
8/11/20,0.112121212,0.484848485
8/11/20,0.113636364,0.272727273
8/11/20,0.118181818,0.327272727
8/11/20,0.118181818,0.377272727
8/11/20,0.125,0.175
8/11/20,0.125,0.216666667
8/11/20,0.125,0.229166667
8/11/20,0.125,0.5
8/11/20,0.136363636,0.454545455
8/11/20,0.136363636,0.477272727
8/11/20,0.136363636,0.5
8/11/20,0.15,0.15
8/11/20,0.15,0.316666667
8/11/20,0.15,0.375
8/11/20,0.15,0.391666667
8/11/20,0.15,1
8/11/20,0.16,0.54
8/11/20,0.166666667,0.3
8/11/20,0.166666667,0.333333333
8/11/20,0.166666667,0.522222222
8/11/20,0.166666667,0.588888889
8/11/20,0.170454545,0.776515152
8/11/20,0.187272727,0.510909091
8/11/20,0.1875,0.4375
8/11/20,0.193181818,0.363636364
8/11/20,0.193181818,0.393939394
8/11/20,0.2,0.1
8/11/20,0.2,0.15
8/11/20,0.2,0.2
8/11/20,0.2,0.294444444
8/11/20,0.2,0.35
8/11/20,0.2,0.3625
8/11/20,0.2,0.363888889
8/11/20,0.2,0.466666667
8/11/20,0.2,0.5
8/11/20,0.2,0.55
8/11/20,0.2,0.6375
8/11/20,0.2,0.85
8/11/20,0.203333333,0.32
8/11/20,0.208333333,0.416666667
8/11/20,0.212121212,0.366666667
8/11/20,0.214285714,0.642857143
8/11/20,0.216666667,0.366666667
8/11/20,0.216666667,0.716666667
8/11/20,0.218181818,0.5
8/11/20,0.222222222,0.594444444
8/11/20,0.225,0.416666667
8/11/20,0.225,0.75
8/11/20,0.227272727,0.545454545
8/11/20,0.233333333,0.266666667
8/11/20,0.233333333,0.477777778
8/11/20,0.25,0.25
8/11/20,0.25,0.283333333
8/11/20,0.25,0.3
8/11/20,0.25,0.333333333
8/11/20,0.25,0.5
8/11/20,0.25,0.65
8/11/20,0.2625,0.475
8/11/20,0.266666667,0.283333333
8/11/20,0.268181818,0.627272727
8/11/20,0.278787879,0.433333333
8/11/20,0.283333333,0.611111111
8/11/20,0.295454545,0.429292929
8/11/20,0.3,0.1
8/11/20,0.3,0.2
8/11/20,0.3,0.45
8/11/20,0.3,0.5
8/11/20,0.3,0.6
8/11/20,0.3,0.7
8/11/20,0.3,0.75
8/11/20,0.3,1
8/11/20,0.318181818,0.477272727
8/11/20,0.318181818,0.5
8/11/20,0.325,0.666666667
8/11/20,0.35,0.5
8/11/20,0.35,0.55
8/11/20,0.35,0.65
8/11/20,0.357142857,0.571428571
8/11/20,0.363636364,0.772727273
8/11/20,0.366666667,0.7
8/11/20,0.392857143,0.517857143
8/11/20,0.4,0.4
8/11/20,0.4,0.5
8/11/20,0.4,0.6
8/11/20,0.4,0.7
8/11/20,0.4,0.8
8/11/20,0.4,0.9
8/11/20,0.4,1
8/11/20,0.416666667,0.5
8/11/20,0.433333333,0.733333333
8/11/20,0.5,0.5
8/11/20,0.5,0.6
8/11/20,0.5,0.7
8/11/20,0.5,0.75
8/11/20,0.5,0.833333333
8/11/20,0.5,0.9
8/11/20,0.5,1
8/11/20,0.55,0.5
8/11/20,0.633333333,0.533333333
8/11/20,0.7,0.6
8/11/20,0.7,0.8
8/11/20,0.75,0.4
8/11/20,0.75,0.95
8/11/20,0.8,0.4
8/11/20,0.8,0.75
8/11/20,0.85,1
8/10/20,-1,1
8/10/20,-0.9,1
8/10/20,-0.8,1
8/10/20,-0.75,0.75
8/10/20,-0.75,0.833333333
8/10/20,-0.714285714,0.857142857
8/10/20,-0.7,0.2
8/10/20,-0.7,0.8
8/10/20,-0.6,0.7
8/10/20,-0.6,0.8
8/10/20,-0.6,0.9
8/10/20,-0.6,1
8/10/20,-0.583333333,0.716666667
8/10/20,-0.5,0.3
8/10/20,-0.5,0.3
8/10/20,-0.5,0.5
8/10/20,-0.5,0.9
8/10/20,-0.5,1
8/10/20,-0.483333333,0.533333333
8/10/20,-0.425,0.45
8/10/20,-0.4,0.4
8/10/20,-0.4,0.6
8/10/20,-0.4,0.7
8/10/20,-0.35,0.7
8/10/20,-0.333333333,0.666666667
8/10/20,-0.327777778,0.644444444
8/10/20,-0.3125,0.6875
8/10/20,-0.3,0.1
8/10/20,-0.3,0.35
8/10/20,-0.3,0.4
8/10/20,-0.3,0.4
8/10/20,-0.3,0.45
8/10/20,-0.3,0.6
8/10/20,-0.266666667,0.466666667
8/10/20,-0.266666667,0.583333333
8/10/20,-0.25,0.2
8/10/20,-0.25,0.4
8/10/20,-0.25,0.45
8/10/20,-0.25,0.5
8/10/20,-0.25,0.533333333
8/10/20,-0.225,0.25
8/10/20,-0.225,0.25
8/10/20,-0.2,0
8/10/20,-0.2,0.05
8/10/20,-0.2,0.1
8/10/20,-0.2,0.2
8/10/20,-0.2,0.225
8/10/20,-0.2,0.3
8/10/20,-0.2,0.4
8/10/20,-0.2,0.5
8/10/20,-0.2,0.6
8/10/20,-0.2,0.775
8/10/20,-0.2,0.8
8/10/20,-0.194444444,0.666666667
8/10/20,-0.1875,0.5
8/10/20,-0.181818182,0.5
8/10/20,-0.175,0.175
8/10/20,-0.175,0.2
8/10/20,-0.166666667,0.166666667
8/10/20,-0.166666667,0.333333333
8/10/20,-0.166666667,0.383333333
8/10/20,-0.166666667,0.433333333
8/10/20,-0.166666667,0.483333333
8/10/20,-0.1625,0.4375
8/10/20,-0.155555556,0.288888889
8/10/20,-0.15,0.1
8/10/20,-0.15,0.125
8/10/20,-0.15,0.325
8/10/20,-0.15,0.35
8/10/20,-0.15,0.45
8/10/20,-0.15,0.55
8/10/20,-0.133333333,0.6
8/10/20,-0.125,0.125
8/10/20,-0.125,0.375
8/10/20,-0.1125,0.2375
8/10/20,-0.1125,0.3
8/10/20,-0.107407407,0.240740741
8/10/20,-0.1,0
8/10/20,-0.1,0.05
8/10/20,-0.1,0.1
8/10/20,-0.1,0.2
8/10/20,-0.1,0.375
8/10/20,-0.1,0.4
8/10/20,-0.1,0.5
8/10/20,-0.083333333,0.266666667
8/10/20,-0.082323232,0.434848485
8/10/20,-0.075,0.05
8/10/20,-0.068181818,0.454545455
8/10/20,-0.066666667,0.133333333
8/10/20,-0.066666667,0.466666667
8/10/20,-0.0625,0.333333333
8/10/20,-0.0625,0.5625
8/10/20,-0.058333333,0.5
8/10/20,-0.05,0
8/10/20,-0.05,0.05
8/10/20,-0.05,0.083333333
8/10/20,-0.05,0.25
8/10/20,-0.05,0.3
8/10/20,-0.05,0.4
8/10/20,-0.05,0.7
8/10/20,-0.047159091,0.48125
8/10/20,-0.041666667,0.341666667
8/10/20,-0.0375,0.475
8/10/20,-0.033712121,0.384848485
8/10/20,-0.033333333,0
8/10/20,-0.033333333,0.033333333
8/10/20,-0.033333333,0.133333333
8/10/20,-0.032575758,0.4
8/10/20,-0.025,0.575
8/10/20,-0.024242424,0.404040404
8/10/20,-0.022222222,0.188888889
8/10/20,-0.015151515,0.283333333
8/10/20,-0.0125,0.2875
8/10/20,-0.011111111,0.866666667
8/10/20,-0.00959596,0.371717172
8/10/20,-0.00959596,0.394444444
8/10/20,0,0.033333333
8/10/20,0,0.05
8/10/20,0,0.066666667
8/10/20,0,0.083333333
8/10/20,0,0.1
8/10/20,0,0.1125
8/10/20,0,0.125
8/10/20,0,0.1875
8/10/20,0,0.25
8/10/20,0,0.3
8/10/20,0,0.358333333
8/10/20,0,0.375
8/10/20,0,0.5
8/10/20,0,0.533333333
8/10/20,0,0.6
8/10/20,0,0.625
8/10/20,0,0.75
8/10/20,0,1
8/10/20,0.001515152,0.527272727
8/10/20,0.008333333,0.477083333
8/10/20,0.011111111,0.866666667
8/10/20,0.016666667,0.033333333
8/10/20,0.018181818,0.45
8/10/20,0.025,0.166666667
8/10/20,0.025,0.25
8/10/20,0.025,0.302777778
8/10/20,0.033333333,0.066666667
8/10/20,0.05,0.411111111
8/10/20,0.068181818,0.227272727
8/10/20,0.068181818,0.25
8/10/20,0.068181818,0.375
8/10/20,0.068181818,0.602272727
8/10/20,0.068181818,0.627272727
8/10/20,0.068181818,0.727272727
8/10/20,0.078787879,0.534848485
8/10/20,0.079545455,0.5
8/10/20,0.08,0.27
8/10/20,0.084848485,0.260606061
8/10/20,0.084848485,0.283333333
8/10/20,0.090909091,0.318181818
8/10/20,0.093181818,0.477272727
8/10/20,0.096590909,0.25530303
8/10/20,0.1,0
8/10/20,0.1,0.1
8/10/20,0.1,0.2
8/10/20,0.1,0.25
8/10/20,0.1,0.3
8/10/20,0.1,0.383333333
8/10/20,0.1,0.4
8/10/20,0.1,1
8/10/20,0.109090909,0.337373737
8/10/20,0.111904762,0.171428571
8/10/20,0.113636364,0.272727273
8/10/20,0.113636364,0.306060606
8/10/20,0.11489899,0.66540404
8/10/20,0.125,0.166666667
8/10/20,0.125,0.3375
8/10/20,0.125,0.541666667
8/10/20,0.13,0.47
8/10/20,0.132121212,0.464848485
8/10/20,0.136363636,0.454545455
8/10/20,0.136363636,0.5
8/10/20,0.145454545,0.5
8/10/20,0.148181818,0.52
8/10/20,0.15,0.1
8/10/20,0.15,0.15
8/10/20,0.15,0.45
8/10/20,0.154166667,0.625
8/10/20,0.158333333,0.25
8/10/20,0.16,0.54
8/10/20,0.166666667,0.333333333
8/10/20,0.166666667,0.45
8/10/20,0.166666667,0.466666667
8/10/20,0.172222222,0.394444444
8/10/20,0.175,0.375
8/10/20,0.175,0.45
8/10/20,0.175,0.475
8/10/20,0.176190476,0.336507937
8/10/20,0.178787879,0.734848485
8/10/20,0.183333333,0.55
8/10/20,0.1875,0.75
8/10/20,0.2,0.1
8/10/20,0.2,0.2
8/10/20,0.2,0.3
8/10/20,0.2,0.5
8/10/20,0.2,0.6
8/10/20,0.2,0.65
8/10/20,0.2,1
8/10/20,0.208333333,0.25
8/10/20,0.211111111,0.533333333
8/10/20,0.214285714,0.428571429
8/10/20,0.215909091,0.403030303
8/10/20,0.216666667,0.716666667
8/10/20,0.22,0.368888889
8/10/20,0.227272727,0.545454545
8/10/20,0.231666667,0.4225
8/10/20,0.233333333,0.333333333
8/10/20,0.233333333,0.455555556
8/10/20,0.233333333,0.633333333
8/10/20,0.234814815,0.542962963
8/10/20,0.25,0.25
8/10/20,0.25,0.283333333
8/10/20,0.25,0.3
8/10/20,0.25,0.333333333
8/10/20,0.25,0.4
8/10/20,0.25,0.416666667
8/10/20,0.25,0.5
8/10/20,0.25,0.65
8/10/20,0.25,0.75
8/10/20,0.25,0.875
8/10/20,0.25,1
8/10/20,0.26,0.39
8/10/20,0.268181818,0.7
8/10/20,0.268181818,0.727272727
8/10/20,0.28125,0.572916667
8/10/20,0.3,0
8/10/20,0.3,0.1
8/10/20,0.3,0.2
8/10/20,0.3,0.4
8/10/20,0.3,0.475
8/10/20,0.3,0.5
8/10/20,0.3,0.7
8/10/20,0.3,0.9
8/10/20,0.3025,0.66
8/10/20,0.316666667,0.416666667
8/10/20,0.318181818,0.477272727
8/10/20,0.318181818,0.5
8/10/20,0.333333333,0.833333333
8/10/20,0.3375,0.6375
8/10/20,0.35,0.55
8/10/20,0.35,0.591666667
8/10/20,0.35,0.75
8/10/20,0.35,0.775
8/10/20,0.375,0.7
8/10/20,0.4,0.4
8/10/20,0.4,0.566666667
8/10/20,0.4,0.6
8/10/20,0.4,0.65
8/10/20,0.4,0.7
8/10/20,0.4,0.8
8/10/20,0.4125,0.8
8/10/20,0.416666667,0.5
8/10/20,0.4375,0.3
8/10/20,0.45,0.7
8/10/20,0.45,1
8/10/20,0.5,0.5
8/10/20,0.5,0.833333333
8/10/20,0.5,0.9
8/10/20,0.5,0.9375
8/10/20,0.5,1
8/10/20,0.516666667,0.766666667
8/10/20,0.55,0.95
8/10/20,0.6,0.9
8/10/20,0.6,1
8/10/20,0.625,0.275
8/10/20,0.65,0.75
8/10/20,0.7,0.2
8/10/20,0.7,0.6
8/10/20,0.8,0.75
8/10/20,0.8,0.9
8/10/20,0.8,1
8/9/20,-1,1
8/9/20,-0.8,0.9
8/9/20,-0.7375,0.9
8/9/20,-0.7,0.2
8/9/20,-0.7,0.666666667
8/9/20,-0.6,0.7
8/9/20,-0.6,0.8
8/9/20,-0.6,0.9
8/9/20,-0.6,1
8/9/20,-0.5125,0.8
8/9/20,-0.5,0.3
8/9/20,-0.5,0.5
8/9/20,-0.5,0.6
8/9/20,-0.5,1
8/9/20,-0.475,0.525
8/9/20,-0.4375,0.75
8/9/20,-0.4,0.6
8/9/20,-0.333333333,0.666666667
8/9/20,-0.327777778,0.394444444
8/9/20,-0.316666667,0.3
8/9/20,-0.3,0.2
8/9/20,-0.3,0.4
8/9/20,-0.3,0.5
8/9/20,-0.3,0.6
8/9/20,-0.291666667,0.283333333
8/9/20,-0.266666667,0.333333333
8/9/20,-0.266666667,0.4
8/9/20,-0.266666667,0.433333333
8/9/20,-0.265151515,0.727272727
8/9/20,-0.25,0.15
8/9/20,-0.25,0.233333333
8/9/20,-0.25,0.4
8/9/20,-0.25,0.4375
8/9/20,-0.25,0.75
8/9/20,-0.2,0
8/9/20,-0.2,0.05
8/9/20,-0.2,0.1
8/9/20,-0.2,0.225
8/9/20,-0.2,0.3
8/9/20,-0.2,0.4
8/9/20,-0.2,0.441666667
8/9/20,-0.2,0.5
8/9/20,-0.2,0.9
8/9/20,-0.181818182,0.477272727
8/9/20,-0.166666667,0.066666667
8/9/20,-0.166666667,0.333333333
8/9/20,-0.166666667,0.416666667
8/9/20,-0.166666667,0.433333333
8/9/20,-0.1625,0.4375
8/9/20,-0.158333333,0.15
8/9/20,-0.155555556,0.288888889
8/9/20,-0.154545455,0.451515152
8/9/20,-0.15,0.025
8/9/20,-0.15,0.4
8/9/20,-0.144444444,0.744444444
8/9/20,-0.125,0.125
8/9/20,-0.125,0.375
8/9/20,-0.125,1
8/9/20,-0.1125,0.2375
8/9/20,-0.107142857,0.678571429
8/9/20,-0.1,0.025
8/9/20,-0.1,0.05
8/9/20,-0.1,0.1
8/9/20,-0.1,0.2
8/9/20,-0.1,0.25
8/9/20,-0.1,0.3875
8/9/20,-0.1,0.4
8/9/20,-0.1,1
8/9/20,-0.088068182,0.571022727
8/9/20,-0.0875,0.1625
8/9/20,-0.086363636,0.572727273
8/9/20,-0.085185185,0.562962963
8/9/20,-0.083333333,0.279166667
8/9/20,-0.077777778,0.144444444
8/9/20,-0.077651515,0.498106061
8/9/20,-0.071428571,0.214285714
8/9/20,-0.068181818,0.454545455
8/9/20,-0.066666667,0.2
8/9/20,-0.066666667,0.55
8/9/20,-0.0625,0.1875
8/9/20,-0.0625,0.6875
8/9/20,-0.05,0
8/9/20,-0.05,0.05
8/9/20,-0.05,0.15
8/9/20,-0.05,0.2
8/9/20,-0.05,0.85
8/9/20,-0.035714286,0.196428571
8/9/20,-0.025,0
8/9/20,-0.025,0.35
8/9/20,-0.0125,0
8/9/20,-0.0125,0.2875
8/9/20,0,0.025
8/9/20,0,0.0625
8/9/20,0,0.066666667
8/9/20,0,0.076923077
8/9/20,0,0.1
8/9/20,0,0.125
8/9/20,0,0.25
8/9/20,0,0.3
8/9/20,0,0.333333333
8/9/20,0,0.375
8/9/20,0,0.4
8/9/20,0,0.5
8/9/20,0,0.7
8/9/20,0,1
8/9/20,0.001515152,0.527272727
8/9/20,0.011111111,0.022222222
8/9/20,0.011111111,0.555555556
8/9/20,0.014814815,0.362962963
8/9/20,0.016666667,0.244444444
8/9/20,0.018181818,0.45
8/9/20,0.021645022,0.472943723
8/9/20,0.033333333,0.066666667
8/9/20,0.044444444,0.227777778
8/9/20,0.045454545,0.151515152
8/9/20,0.05,0.05
8/9/20,0.05,0.3875
8/9/20,0.05,0.4
8/9/20,0.05,0.5
8/9/20,0.05,0.9
8/9/20,0.055555556,0.388888889
8/9/20,0.0625,0.5
8/9/20,0.068181818,0.227272727
8/9/20,0.068181818,0.260606061
8/9/20,0.068181818,0.352272727
8/9/20,0.068181818,0.602272727
8/9/20,0.068181818,0.627272727
8/9/20,0.080681818,0.227272727
8/9/20,0.083333333,0.305555556
8/9/20,0.083333333,0.5
8/9/20,0.090909091,0.484848485
8/9/20,0.1,0.05
8/9/20,0.1,0.1
8/9/20,0.1,0.2
8/9/20,0.1,0.233333333
8/9/20,0.1,0.25
8/9/20,0.1,0.3
8/9/20,0.1,0.3375
8/9/20,0.1,0.3625
8/9/20,0.1,0.4
8/9/20,0.1,0.8
8/9/20,0.1,1
8/9/20,0.118181818,0.377272727
8/9/20,0.125,0.166666667
8/9/20,0.125,0.366666667
8/9/20,0.125,0.45
8/9/20,0.136363636,0.454545455
8/9/20,0.136363636,0.477272727
8/9/20,0.136363636,0.5
8/9/20,0.1375,0.2
8/9/20,0.15,0.25
8/9/20,0.15,0.516666667
8/9/20,0.15,0.6
8/9/20,0.156060606,0.636363636
8/9/20,0.16,0.54
8/9/20,0.166666667,0.5
8/9/20,0.168181818,0.327272727
8/9/20,0.172222222,0.394444444
8/9/20,0.176190476,0.336507937
8/9/20,0.181818182,0.5
8/9/20,0.1875,0.4375
8/9/20,0.2,0.1
8/9/20,0.2,0.2
8/9/20,0.2,0.3
8/9/20,0.2,0.4
8/9/20,0.2,0.45
8/9/20,0.2,0.5
8/9/20,0.2,0.6
8/9/20,0.2,0.9
8/9/20,0.216666667,0.366666667
8/9/20,0.227272727,0.545454545
8/9/20,0.233333333,0.233333333
8/9/20,0.25,0.25
8/9/20,0.25,0.283333333
8/9/20,0.25,0.333333333
8/9/20,0.25,0.5
8/9/20,0.25,0.75
8/9/20,0.25,0.85
8/9/20,0.275,0.575
8/9/20,0.285714286,0.535714286
8/9/20,0.3,0.1
8/9/20,0.3,0.2
8/9/20,0.3,0.5
8/9/20,0.3,0.9
8/9/20,0.318181818,0.477272727
8/9/20,0.325,0.5625
8/9/20,0.333333333,0.5
8/9/20,0.333333333,0.666666667
8/9/20,0.35,0.3
8/9/20,0.35,0.35
8/9/20,0.35,0.55
8/9/20,0.357142857,0.571428571
8/9/20,0.357142857,0.857142857
8/9/20,0.363636364,0.522727273
8/9/20,0.366666667,0.7
8/9/20,0.375,0.875
8/9/20,0.4,0.2
8/9/20,0.4,0.325
8/9/20,0.4,0.75
8/9/20,0.4,0.8
8/9/20,0.4,0.875
8/9/20,0.4,1
8/9/20,0.407142857,0.664285714
8/9/20,0.433333333,0.833333333
8/9/20,0.4375,0.4375
8/9/20,0.468181818,0.602272727
8/9/20,0.5,0.5
8/9/20,0.5,0.6
8/9/20,0.5,0.75
8/9/20,0.5,0.833333333
8/9/20,0.5,1
8/9/20,0.65,0.7
8/9/20,0.7,0.6
8/9/20,1,0.3
8/9/20,1,1
8/8/20,-1,1
8/8/20,-0.875,1
8/8/20,-0.714285714,0.857142857
8/8/20,-0.607142857,0.928571429
8/8/20,-0.6,0.8
8/8/20,-0.6,0.9
8/8/20,-0.55,0.535416667
8/8/20,-0.5,0.2
8/8/20,-0.5,0.3
8/8/20,-0.5,0.5
8/8/20,-0.5,0.866666667
8/8/20,-0.5,1
8/8/20,-0.4,0.45
8/8/20,-0.4,0.6
8/8/20,-0.358333333,0.483333333
8/8/20,-0.35,0.7
8/8/20,-0.333333333,0.666666667
8/8/20,-0.327777778,0.394444444
8/8/20,-0.3,0.2
8/8/20,-0.3,0.4
8/8/20,-0.3,0.475
8/8/20,-0.3,0.525
8/8/20,-0.266666667,0.133333333
8/8/20,-0.25,0.225
8/8/20,-0.25,0.25
8/8/20,-0.25,0.4
8/8/20,-0.25,0.45
8/8/20,-0.233333333,0.454166667
8/8/20,-0.2,0
8/8/20,-0.2,0.05
8/8/20,-0.2,0.35
8/8/20,-0.2,0.4
8/8/20,-0.2,0.5
8/8/20,-0.2,0.85
8/8/20,-0.1875,0.304166667
8/8/20,-0.175,0.1
8/8/20,-0.166666667,0.066666667
8/8/20,-0.166666667,0.366666667
8/8/20,-0.166666667,0.433333333
8/8/20,-0.166666667,0.666666667
8/8/20,-0.166666667,1
8/8/20,-0.16,0.335
8/8/20,-0.155555556,0.288888889
8/8/20,-0.15,0.2
8/8/20,-0.15,0.225
8/8/20,-0.138095238,0.567460317
8/8/20,-0.133333333,0.6
8/8/20,-0.125,0.125
8/8/20,-0.125,0.375
8/8/20,-0.125,0.5
8/8/20,-0.105555556,0.438888889
8/8/20,-0.1,0
8/8/20,-0.1,0.025
8/8/20,-0.1,0.058333333
8/8/20,-0.1,0.1
8/8/20,-0.1,0.2
8/8/20,-0.1,0.35
8/8/20,-0.1,0.4
8/8/20,-0.1,0.55
8/8/20,-0.1,0.7
8/8/20,-0.083333333,0.116666667
8/8/20,-0.083333333,0.216666667
8/8/20,-0.083333333,0.416666667
8/8/20,-0.077777778,0.394444444
8/8/20,-0.068181818,0.454545455
8/8/20,-0.066666667,0.038888889
8/8/20,-0.066666667,0.166666667
8/8/20,-0.066666667,0.833333333
8/8/20,-0.05625,0.44375
8/8/20,-0.051111111,0.497777778
8/8/20,-0.05,0
8/8/20,-0.05,0.2
8/8/20,-0.05,0.4
8/8/20,-0.05,0.438888889
8/8/20,-0.040909091,0.498484848
8/8/20,-0.038461538,0.134615385
8/8/20,-0.0375,0.525
8/8/20,-0.034090909,0.227272727
8/8/20,-0.031818182,0.5
8/8/20,-0.025,0
8/8/20,-0.025,0.2
8/8/20,-0.0125,0
8/8/20,-0.00959596,0.371717172
8/8/20,-0.00625,0.05
8/8/20,0,0.05
8/8/20,0,0.066666667
8/8/20,0,0.1
8/8/20,0,0.125
8/8/20,0,0.216666667
8/8/20,0,0.233333333
8/8/20,0,0.25
8/8/20,0,0.283333333
8/8/20,0,0.3
8/8/20,0,0.5
8/8/20,0,0.55
8/8/20,0,0.6
8/8/20,0,0.7
8/8/20,0,0.75
8/8/20,0,1
8/8/20,0.018181818,0.45
8/8/20,0.025,0.175
8/8/20,0.03125,0.75
8/8/20,0.033333333,0.066666667
8/8/20,0.033333333,0.188888889
8/8/20,0.033333333,0.2
8/8/20,0.033333333,0.408333333
8/8/20,0.034090909,0.454545455
8/8/20,0.045454545,0.351515152
8/8/20,0.048148148,0.67962963
8/8/20,0.05,0.2
8/8/20,0.05,0.227777778
8/8/20,0.05,0.5
8/8/20,0.05,0.5
8/8/20,0.05,0.5375
8/8/20,0.05,0.7
8/8/20,0.0625,0.5
8/8/20,0.066666667,0.133333333
8/8/20,0.066666667,0.2
8/8/20,0.066666667,0.266666667
8/8/20,0.068181818,0.227272727
8/8/20,0.068181818,0.25
8/8/20,0.068181818,0.277272727
8/8/20,0.068181818,0.352272727
8/8/20,0.083333333,0.230555556
8/8/20,0.083333333,0.583333333
8/8/20,0.093181818,0.477272727
8/8/20,0.098787879,0.446666667
8/8/20,0.1,0
8/8/20,0.1,0.05
8/8/20,0.1,0.083333333
8/8/20,0.1,0.1
8/8/20,0.1,0.183333333
8/8/20,0.1,0.2
8/8/20,0.1,0.3
8/8/20,0.1,0.4
8/8/20,0.1,0.666666667
8/8/20,0.1,1
8/8/20,0.107142857,0.214285714
8/8/20,0.114285714,0.357142857
8/8/20,0.116666667,0.716666667
8/8/20,0.118181818,0.427272727
8/8/20,0.123232323,0.507070707
8/8/20,0.125,0.125
8/8/20,0.125,0.425
8/8/20,0.125,0.475
8/8/20,0.136363636,0.454545455
8/8/20,0.136363636,0.477272727
8/8/20,0.136363636,0.5
8/8/20,0.143939394,0.318181818
8/8/20,0.145454545,0.184848485
8/8/20,0.15,0.083333333
8/8/20,0.15,0.25
8/8/20,0.16,0.54
8/8/20,0.166666667,0.166666667
8/8/20,0.166666667,0.283333333
8/8/20,0.166666667,0.333333333
8/8/20,0.166666667,0.383333333
8/8/20,0.168181818,0.676136364
8/8/20,0.175,0.575
8/8/20,0.178787879,0.734848485
8/8/20,0.183333333,0.355555556
8/8/20,0.191666667,0.358333333
8/8/20,0.2,0.1
8/8/20,0.2,0.2
8/8/20,0.2,0.4
8/8/20,0.2,0.45
8/8/20,0.2,0.5
8/8/20,0.212272727,0.400909091
8/8/20,0.214285714,0.428571429
8/8/20,0.227272727,0.545454545
8/8/20,0.25,0.25
8/8/20,0.25,0.277777778
8/8/20,0.25,0.283333333
8/8/20,0.25,0.333333333
8/8/20,0.25,0.416666667
8/8/20,0.25,0.5
8/8/20,0.25,0.75
8/8/20,0.25,0.85
8/8/20,0.2875,0.6375
8/8/20,0.3,0.2
8/8/20,0.3,0.5
8/8/20,0.3,0.5125
8/8/20,0.3,0.95
8/8/20,0.318181818,0.477272727
8/8/20,0.318181818,0.5
8/8/20,0.318181818,0.677272727
8/8/20,0.322222222,0.344444444
8/8/20,0.333333333,0.5
8/8/20,0.35,0.55
8/8/20,0.35,0.65
8/8/20,0.363636364,0.522727273
8/8/20,0.375,1
8/8/20,0.4,0.2
8/8/20,0.4,0.5
8/8/20,0.4,0.7
8/8/20,0.4,0.8
8/8/20,0.4,0.9
8/8/20,0.4,1
8/8/20,0.428571429,0.535714286
8/8/20,0.433333333,0.833333333
8/8/20,0.45,0.85
8/8/20,0.5,0.5
8/8/20,0.5,0.666666667
8/8/20,0.5,0.833333333
8/8/20,0.5,0.9
8/8/20,0.5,1
8/8/20,0.55,0.65
8/8/20,0.6,1
8/8/20,0.75,0.95
8/8/20,0.91,0.78
8/8/20,1,0.3
8/8/20,1,1
8/7/20,-1,0.9
8/7/20,-1,1
8/7/20,-0.8,0.9
8/7/20,-0.8,1
8/7/20,-0.75,0.75
8/7/20,-0.6,0.4
8/7/20,-0.6,0.9
8/7/20,-0.6,1
8/7/20,-0.5,0.3
8/7/20,-0.5,0.55
8/7/20,-0.5,0.7
8/7/20,-0.5,1
8/7/20,-0.46875,0.5
8/7/20,-0.425,0.5
8/7/20,-0.4,0.4
8/7/20,-0.4,0.45
8/7/20,-0.4,0.5
8/7/20,-0.4,0.55
8/7/20,-0.4,0.6
8/7/20,-0.4,0.7
8/7/20,-0.388888889,0.833333333
8/7/20,-0.375,0.425
8/7/20,-0.35,0.45
8/7/20,-0.333333333,0.666666667
8/7/20,-0.316666667,0.433333333
8/7/20,-0.316666667,0.533333333
8/7/20,-0.3,0.1
8/7/20,-0.3,0.2
8/7/20,-0.3,0.5
8/7/20,-0.3,0.575
8/7/20,-0.291666667,0.541666667
8/7/20,-0.275,0.6
8/7/20,-0.26,0.52
8/7/20,-0.25,0.15
8/7/20,-0.25,0.25
8/7/20,-0.25,0.35
8/7/20,-0.25,0.5
8/7/20,-0.25,0.541666667
8/7/20,-0.25,0.55
8/7/20,-0.231818182,0.727272727
8/7/20,-0.230769231,0.461538462
8/7/20,-0.225,0.833333333
8/7/20,-0.2,0
8/7/20,-0.2,0.05
8/7/20,-0.2,0.2
8/7/20,-0.2,0.325
8/7/20,-0.2,0.35
8/7/20,-0.2,0.4
8/7/20,-0.2,0.45
8/7/20,-0.2,0.5
8/7/20,-0.197685185,0.562962963
8/7/20,-0.177777778,0.144444444
8/7/20,-0.175,0.175
8/7/20,-0.175,0.5
8/7/20,-0.166666667,0.166666667
8/7/20,-0.166666667,0.433333333
8/7/20,-0.166666667,0.483333333
8/7/20,-0.1625,0.5
8/7/20,-0.155555556,0.288888889
8/7/20,-0.15,0.2
8/7/20,-0.15,0.4
8/7/20,-0.144444444,0.355555556
8/7/20,-0.141666667,0.125
8/7/20,-0.133333333,0.983333333
8/7/20,-0.125,0.125
8/7/20,-0.125,0.375
8/7/20,-0.125,0.5
8/7/20,-0.1,0
8/7/20,-0.1,0.05
8/7/20,-0.1,0.070833333
8/7/20,-0.1,0.1
8/7/20,-0.1,0.15
8/7/20,-0.1,0.2
8/7/20,-0.1,0.25
8/7/20,-0.1,0.266666667
8/7/20,-0.1,0.325
8/7/20,-0.1,0.4
8/7/20,-0.1,0.5
8/7/20,-0.083333333,0.716666667
8/7/20,-0.081818182,0.327272727
8/7/20,-0.077777778,0.169444444
8/7/20,-0.077777778,0.177777778
8/7/20,-0.077777778,0.194444444
8/7/20,-0.075,0.05
8/7/20,-0.075,0.241666667
8/7/20,-0.071428571,0.142857143
8/7/20,-0.071428571,0.214285714
8/7/20,-0.068181818,0.454545455
8/7/20,-0.066666667,0.433333333
8/7/20,-0.066666667,0.8
8/7/20,-0.0625,0.229166667
8/7/20,-0.0625,0.4375
8/7/20,-0.05,0
8/7/20,-0.05,0.05
8/7/20,-0.05,0.4
8/7/20,-0.040909091,0.55
8/7/20,-0.036363636,0.472727273
8/7/20,-0.033333333,0.408333333
8/7/20,-0.027777778,0.344444444
8/7/20,-0.025,0.05
8/7/20,-0.022222222,0.122222222
8/7/20,-0.021212121,0.366666667
8/7/20,-0.015151515,0.443939394
8/7/20,-0.0125,0
8/7/20,-0.006818182,0.427272727
8/7/20,-2.78E-17,0.5
8/7/20,0,0.05
8/7/20,0,0.066666667
8/7/20,0,0.076923077
8/7/20,0,0.1
8/7/20,0,0.125
8/7/20,0,0.1875
8/7/20,0,0.25
8/7/20,0,0.283333333
8/7/20,0,0.3
8/7/20,0,0.333333333
8/7/20,0,0.375
8/7/20,0,0.4
8/7/20,0,0.5
8/7/20,0,0.625
8/7/20,0,0.7
8/7/20,0,0.75
8/7/20,0,0.8
8/7/20,0,1
8/7/20,0.00875,0.47875
8/7/20,0.016666667,0.183333333
8/7/20,0.018181818,0.427272727
8/7/20,0.021590909,0.246969697
8/7/20,0.033333333,0.066666667
8/7/20,0.033333333,0.166666667
8/7/20,0.033333333,0.744444444
8/7/20,0.05,0.2
8/7/20,0.05,0.45
8/7/20,0.05,0.5
8/7/20,0.058333333,0.191666667
8/7/20,0.058333333,0.570833333
8/7/20,0.0625,0.075
8/7/20,0.0625,0.5
8/7/20,0.065,0.5
8/7/20,0.066666667,0.133333333
8/7/20,0.068181818,0.227272727
8/7/20,0.068181818,0.25
8/7/20,0.068181818,0.602272727
8/7/20,0.072222222,0.519444444
8/7/20,0.078787879,0.518181818
8/7/20,0.08989899,0.307070707
8/7/20,0.093181818,0.477272727
8/7/20,0.1,0
8/7/20,0.1,0.05
8/7/20,0.1,0.1
8/7/20,0.1,0.25
8/7/20,0.1,0.383333333
8/7/20,0.1,0.4
8/7/20,0.1,0.6
8/7/20,0.1,0.866666667
8/7/20,0.118181818,0.427272727
8/7/20,0.125,0.166666667
8/7/20,0.125,0.425
8/7/20,0.125,0.525
8/7/20,0.125,0.666666667
8/7/20,0.136363636,0.454545455
8/7/20,0.136363636,0.477272727
8/7/20,0.136363636,0.5
8/7/20,0.15,0.25
8/7/20,0.15,0.4
8/7/20,0.15,0.625
8/7/20,0.16,0.54
8/7/20,0.166666667,0.333333333
8/7/20,0.166666667,0.383333333
8/7/20,0.166666667,0.416666667
8/7/20,0.166666667,0.516666667
8/7/20,0.166666667,0.6
8/7/20,0.178571429,0.285714286
8/7/20,0.178787879,0.451515152
8/7/20,0.1875,0.3125
8/7/20,0.1875,0.4375
8/7/20,0.2,0.2
8/7/20,0.2,0.3
8/7/20,0.2,0.333333333
8/7/20,0.2,0.45
8/7/20,0.212121212,0.351515152
8/7/20,0.212121212,0.433333333
8/7/20,0.2125,0.275
8/7/20,0.214285714,0.428571429
8/7/20,0.214285714,0.571428571
8/7/20,0.227272727,0.545454545
8/7/20,0.233333333,0.233333333
8/7/20,0.25,0.25
8/7/20,0.25,0.333333333
8/7/20,0.25,0.45
8/7/20,0.25,0.75
8/7/20,0.25,0.85
8/7/20,0.25,1
8/7/20,0.257575758,0.618181818
8/7/20,0.2625,0.525
8/7/20,0.268181818,0.477272727
8/7/20,0.268181818,0.577272727
8/7/20,0.275,0.625
8/7/20,0.288636364,0.547727273
8/7/20,0.3,0
8/7/20,0.3,0.1
8/7/20,0.3,0.3
8/7/20,0.3,0.5
8/7/20,0.3,0.75
8/7/20,0.303571429,0.452380952
8/7/20,0.318181818,0.539772727
8/7/20,0.318181818,0.643939394
8/7/20,0.333333333,0.5
8/7/20,0.333333333,0.716666667
8/7/20,0.333333333,0.833333333
8/7/20,0.345238095,0.785714286
8/7/20,0.35,0.333333333
8/7/20,0.35,0.55
8/7/20,0.35,0.65
8/7/20,0.357142857,0.571428571
8/7/20,0.366666667,0.622222222
8/7/20,0.366666667,0.7
8/7/20,0.366666667,0.766666667
8/7/20,0.375,0.75
8/7/20,0.375,0.875
8/7/20,0.4,0.25
8/7/20,0.4,0.4
8/7/20,0.4,0.5
8/7/20,0.4,0.6
8/7/20,0.4,0.7
8/7/20,0.4,0.8
8/7/20,0.4,0.9
8/7/20,0.4,1
8/7/20,0.412121212,0.693181818
8/7/20,0.416666667,0.5
8/7/20,0.416666667,0.9
8/7/20,0.433333333,0.833333333
8/7/20,0.4375,0.4375
8/7/20,0.4375,0.6875
8/7/20,0.45,0.5
8/7/20,0.5,0.5
8/7/20,0.5,0.6
8/7/20,0.5,0.75
8/7/20,0.5,0.9
8/7/20,0.5,1
8/7/20,0.533333333,0.366666667
8/7/20,0.6,0.8
8/7/20,0.6,0.9
8/7/20,0.6,0.95
8/7/20,0.6,1
8/7/20,0.7,0.6
8/7/20,0.7,0.8
8/7/20,0.7,0.8
8/7/20,0.75,0.95
8/7/20,0.8,0.4
8/7/20,0.8,0.9
8/7/20,0.9,0.65
8/7/20,1,0.3
8/6/20,-1,1
8/6/20,-0.875,1
8/6/20,-0.8,0.8
8/6/20,-0.8,0.9
8/6/20,-0.8,1
8/6/20,-0.7,0.9
8/6/20,-0.6375,0.7
8/6/20,-0.6,0.4
8/6/20,-0.6,1
8/6/20,-0.55,0.633333333
8/6/20,-0.5,0.3
8/6/20,-0.5,0.3
8/6/20,-0.5,0.5
8/6/20,-0.5,0.9
8/6/20,-0.5,1
8/6/20,-0.441666667,0.658333333
8/6/20,-0.433333333,0.6
8/6/20,-0.4,0.4
8/6/20,-0.4,0.45
8/6/20,-0.4,0.5
8/6/20,-0.4,0.55
8/6/20,-0.4,0.6
8/6/20,-0.4,0.666666667
8/6/20,-0.375,0.475
8/6/20,-0.3625,0.6875
8/6/20,-0.35,0.366666667
8/6/20,-0.35,0.375
8/6/20,-0.333333333,0.666666667
8/6/20,-0.331818182,0.677272727
8/6/20,-0.3125,0.3375
8/6/20,-0.3,0.1
8/6/20,-0.3,0.3
8/6/20,-0.3,0.4
8/6/20,-0.3,0.45
8/6/20,-0.3,0.5
8/6/20,-0.3,0.55
8/6/20,-0.3,0.7
8/6/20,-0.25,0.25
8/6/20,-0.25,0.4
8/6/20,-0.25,0.5
8/6/20,-0.25,0.7
8/6/20,-0.230555556,0.480555556
8/6/20,-0.227777778,0.344444444
8/6/20,-0.216666667,0.216666667
8/6/20,-0.2,0
8/6/20,-0.2,0.05
8/6/20,-0.2,0.275
8/6/20,-0.2,0.4
8/6/20,-0.2,0.466666667
8/6/20,-0.2,0.5
8/6/20,-0.2,0.525
8/6/20,-0.2,0.566666667
8/6/20,-0.2,0.7
8/6/20,-0.181818182,0.4
8/6/20,-0.181818182,0.727272727
8/6/20,-0.176388889,0.272222222
8/6/20,-0.175,0.358333333
8/6/20,-0.166666667,0.066666667
8/6/20,-0.166666667,0.166666667
8/6/20,-0.166666667,0.433333333
8/6/20,-0.166666667,0.5
8/6/20,-0.161111111,0.361111111
8/6/20,-0.161111111,0.766666667
8/6/20,-0.155555556,0.288888889
8/6/20,-0.154545455,0.451515152
8/6/20,-0.15,0
8/6/20,-0.142857143,0.535714286
8/6/20,-0.125,0.125
8/6/20,-0.125,0.375
8/6/20,-0.122222222,0.155555556
8/6/20,-0.116666667,0.111111111
8/6/20,-0.116666667,0.333333333
8/6/20,-0.1125,0.2375
8/6/20,-0.1,0
8/6/20,-0.1,0.033333333
8/6/20,-0.1,0.1
8/6/20,-0.1,0.2
8/6/20,-0.1,0.3
8/6/20,-0.1,0.4
8/6/20,-0.1,0.5
8/6/20,-0.1,0.55
8/6/20,-0.1,0.6
8/6/20,-0.1,0.75
8/6/20,-0.089285714,0.167857143
8/6/20,-0.083333333,0.241666667
8/6/20,-0.081818182,0.613636364
8/6/20,-0.077777778,0.144444444
8/6/20,-0.075,0.05
8/6/20,-0.075,0.4
8/6/20,-0.068181818,0.454545455
8/6/20,-0.066666667,0.2
8/6/20,-0.065909091,0.288636364
8/6/20,-0.0625,0.4375
8/6/20,-0.05,0
8/6/20,-0.05,0.1
8/6/20,-0.05,0.2
8/6/20,-0.05,0.225
8/6/20,-0.05,0.25
8/6/20,-0.05,0.4
8/6/20,-0.05,0.5
8/6/20,-0.05,0.7
8/6/20,-0.05,0.9
8/6/20,-0.045454545,0.448484848
8/6/20,-0.0375,0.025
8/6/20,-0.036363636,0.472727273
8/6/20,-0.025,0.125
8/6/20,-0.021212121,0.333333333
8/6/20,-0.02,0.295
8/6/20,-0.008333333,0.283333333
8/6/20,0,0.033333333
8/6/20,0,0.05
8/6/20,0,0.0625
8/6/20,0,0.066666667
8/6/20,0,0.1
8/6/20,0,0.125
8/6/20,0,0.15
8/6/20,0,0.166666667
8/6/20,0,0.183333333
8/6/20,0,0.25
8/6/20,0,0.2625
8/6/20,0,0.355555556
8/6/20,0,0.4
8/6/20,0,0.5
8/6/20,0,0.75
8/6/20,0,0.8
8/6/20,0,1
8/6/20,0.001010101,0.366666667
8/6/20,0.001515152,0.55
8/6/20,0.005681818,0.414772727
8/6/20,0.03125,0.25
8/6/20,0.033333333,0.166666667
8/6/20,0.033333333,0.266666667
8/6/20,0.045454545,0.818181818
8/6/20,0.05,0.2
8/6/20,0.05,0.45
8/6/20,0.05,0.5
8/6/20,0.05,0.575
8/6/20,0.05,0.7
8/6/20,0.057575758,0.451515152
8/6/20,0.0625,0.3125
8/6/20,0.0625,0.5
8/6/20,0.064444444,0.235555556
8/6/20,0.066666667,0.233333333
8/6/20,0.066666667,0.241666667
8/6/20,0.068181818,0.227272727
8/6/20,0.068181818,0.25
8/6/20,0.068181818,0.277272727
8/6/20,0.068181818,0.377272727
8/6/20,0.068181818,0.5
8/6/20,0.068181818,0.539772727
8/6/20,0.069333333,0.267333333
8/6/20,0.075,0.325
8/6/20,0.075,0.625
8/6/20,0.075757576,0.348484848
8/6/20,0.08,0.4575
8/6/20,0.083333333,0.25
8/6/20,0.083333333,0.3
8/6/20,0.084848485,0.260606061
8/6/20,0.087121212,0.387626263
8/6/20,0.093181818,0.477272727
8/6/20,0.095454545,0.368181818
8/6/20,0.1,0.1
8/6/20,0.1,0.2
8/6/20,0.1,0.25
8/6/20,0.1,0.3
8/6/20,0.1,0.3
8/6/20,0.1,0.383333333
8/6/20,0.1,0.4
8/6/20,0.1,0.4375
8/6/20,0.1,0.525
8/6/20,0.1,0.766666667
8/6/20,0.107142857,0.214285714
8/6/20,0.112121212,0.618181818
8/6/20,0.113636364,0.272727273
8/6/20,0.117857143,0.467857143
8/6/20,0.118181818,0.427272727
8/6/20,0.125,0.25
8/6/20,0.125,0.291666667
8/6/20,0.125,0.425
8/6/20,0.125,0.458333333
8/6/20,0.125,0.625
8/6/20,0.125,0.666666667
8/6/20,0.13,0.72
8/6/20,0.136174242,0.535416667
8/6/20,0.136363636,0.454545455
8/6/20,0.136363636,0.477272727
8/6/20,0.136363636,0.5
8/6/20,0.144444444,0.433333333
8/6/20,0.145454545,0.333333333
8/6/20,0.15,0.25
8/6/20,0.15,0.5
8/6/20,0.15,0.525
8/6/20,0.15,0.611111111
8/6/20,0.15,0.65
8/6/20,0.15,0.65
8/6/20,0.16,0.54
8/6/20,0.166666667,0.333333333
8/6/20,0.166666667,0.416666667
8/6/20,0.166666667,0.466666667
8/6/20,0.170454545,0.591666667
8/6/20,0.175,0.325
8/6/20,0.175,0.366666667
8/6/20,0.175,0.8
8/6/20,0.178571429,0.335714286
8/6/20,0.1875,0.3
8/6/20,0.193181818,0.416666667
8/6/20,0.2,0.1
8/6/20,0.2,0.2
8/6/20,0.2,0.3
8/6/20,0.2,0.316666667
8/6/20,0.2,0.5
8/6/20,0.2,0.5625
8/6/20,0.2,0.8
8/6/20,0.214285714,0.428571429
8/6/20,0.227272727,0.545454545
8/6/20,0.233333333,0.3
8/6/20,0.243181818,0.502272727
8/6/20,0.245454545,0.584848485
8/6/20,0.246590909,0.551136364
8/6/20,0.25,0.25
8/6/20,0.25,0.283333333
8/6/20,0.25,0.333333333
8/6/20,0.25,0.416666667
8/6/20,0.25,0.4375
8/6/20,0.25,0.483333333
8/6/20,0.25,0.5
8/6/20,0.25,0.75
8/6/20,0.25,0.85
8/6/20,0.266666667,0.575
8/6/20,0.268181818,0.727272727
8/6/20,0.3,0
8/6/20,0.3,0.1
8/6/20,0.3,0.5
8/6/20,0.3,0.9
8/6/20,0.3,0.95
8/6/20,0.318181818,0.477272727
8/6/20,0.32,0.48
8/6/20,0.333333333,0.5
8/6/20,0.345454545,0.6
8/6/20,0.35,0.35
8/6/20,0.35,0.4
8/6/20,0.35,0.8
8/6/20,0.357142857,0.571428571
8/6/20,0.363636364,0.522727273
8/6/20,0.366666667,0.7
8/6/20,0.4,0.4
8/6/20,0.4,0.45
8/6/20,0.4,0.45
8/6/20,0.4,0.7
8/6/20,0.4,0.75
8/6/20,0.4,0.8
8/6/20,0.4,0.9
8/6/20,0.408333333,0.75
8/6/20,0.416666667,0.483333333
8/6/20,0.416666667,0.5
8/6/20,0.433333333,0.733333333
8/6/20,0.45,0.75
8/6/20,0.458333333,0.7
8/6/20,0.5,0.5
8/6/20,0.5,0.6
8/6/20,0.5,0.7
8/6/20,0.5,0.833333333
8/6/20,0.5,1
8/6/20,0.53,0.645
8/6/20,0.55,0.95
8/6/20,0.575,0.825
8/6/20,0.6,0.9
8/6/20,0.6,1
8/6/20,0.7,0.6
8/6/20,0.7,0.9
8/6/20,0.8,0.4
8/6/20,0.8,0.75
8/6/20,0.8,1
8/5/20,-1,1
8/5/20,-0.875,1
8/5/20,-0.8,0.9
8/5/20,-0.75,0.75
8/5/20,-0.75,1
8/5/20,-0.7,1
8/5/20,-0.666666667,1
8/5/20,-0.6,0.4
8/5/20,-0.6,0.8
8/5/20,-0.6,0.9
8/5/20,-0.6,0.95
8/5/20,-0.6,1
8/5/20,-0.577777778,0.644444444
8/5/20,-0.533333333,0.533333333
8/5/20,-0.5,0.3
8/5/20,-0.5,0.5
8/5/20,-0.5,0.9
8/5/20,-0.5,1
8/5/20,-0.45,0.333333333
8/5/20,-0.45,0.358333333
8/5/20,-0.44047619,0.645238095
8/5/20,-0.431818182,0.727272727
8/5/20,-0.4,0.55
8/5/20,-0.4,0.6
8/5/20,-0.4,0.633333333
8/5/20,-0.4,0.7
8/5/20,-0.388888889,0.833333333
8/5/20,-0.383333333,0.483333333
8/5/20,-0.375,0.625
8/5/20,-0.35,0.25
8/5/20,-0.333333333,0.333333333
8/5/20,-0.333333333,0.666666667
8/5/20,-0.316666667,0.3
8/5/20,-0.3125,0.6875
8/5/20,-0.3125,0.825
8/5/20,-0.3,0.1
8/5/20,-0.3,0.2
8/5/20,-0.3,0.3
8/5/20,-0.3,0.4
8/5/20,-0.3,0.6
8/5/20,-0.275,0.45
8/5/20,-0.266666667,0.583333333
8/5/20,-0.25,0.4
8/5/20,-0.25,0.433333333
8/5/20,-0.25,0.5
8/5/20,-0.24375,0.65
8/5/20,-0.216666667,0.383333333
8/5/20,-0.216666667,0.4
8/5/20,-0.2125,0.2875
8/5/20,-0.2125,0.3875
8/5/20,-0.2,0
8/5/20,-0.2,0.05
8/5/20,-0.2,0.3
8/5/20,-0.2,0.4
8/5/20,-0.2,0.5
8/5/20,-0.2,0.7
8/5/20,-0.2,0.85
8/5/20,-0.191666667,0.7
8/5/20,-0.166666667,0.166666667
8/5/20,-0.166666667,0.333333333
8/5/20,-0.166666667,0.433333333
8/5/20,-0.155555556,0.288888889
8/5/20,-0.15,0.05
8/5/20,-0.15,0.283333333
8/5/20,-0.15,0.5
8/5/20,-0.141666667,0.491666667
8/5/20,-0.133333333,0.6
8/5/20,-0.131111111,0.182777778
8/5/20,-0.125,0.125
8/5/20,-0.125,0.375
8/5/20,-0.125,0.75
8/5/20,-0.125,1
8/5/20,-0.108333333,0.283333333
8/5/20,-0.102222222,0.391111111
8/5/20,-0.1,0
8/5/20,-0.1,0.025
8/5/20,-0.1,0.1
8/5/20,-0.1,0.2
8/5/20,-0.1,0.233333333
8/5/20,-0.1,0.3
8/5/20,-0.1,0.4
8/5/20,-0.1,0.75
8/5/20,-0.098214286,0.258928571
8/5/20,-0.083333333,0.125
8/5/20,-0.083333333,0.333333333
8/5/20,-0.083333333,0.583333333
8/5/20,-0.081818182,0.277272727
8/5/20,-0.075,0.05
8/5/20,-0.052777778,0.394444444
8/5/20,-0.05,0
8/5/20,-0.05,0.05
8/5/20,-0.05,0.083333333
8/5/20,-0.05,0.2
8/5/20,-0.05,0.4
8/5/20,-0.05,0.866666667
8/5/20,-0.05,0.9
8/5/20,-0.045833333,0.370833333
8/5/20,-0.043888889,0.360555556
8/5/20,-0.042424242,0.518181818
8/5/20,-0.033333333,0.125
8/5/20,-0.033333333,0.466666667
8/5/20,-0.03125,0.5
8/5/20,-0.025,0
8/5/20,-0.025,0.125
8/5/20,-0.016666667,0.066666667
8/5/20,-0.015151515,0.310606061
8/5/20,-0.0125,0
8/5/20,-0.0125,0.3375
8/5/20,-0.0125,0.379166667
8/5/20,0,0.033333333
8/5/20,0,0.05
8/5/20,0,0.066666667
8/5/20,0,0.083333333
8/5/20,0,0.1
8/5/20,0,0.1125
8/5/20,0,0.125
8/5/20,0,0.142857143
8/5/20,0,0.166666667
8/5/20,0,0.25
8/5/20,0,0.3
8/5/20,0,0.3125
8/5/20,0,0.333333333
8/5/20,0,0.375
8/5/20,0,0.4
8/5/20,0,0.5
8/5/20,0,0.55
8/5/20,0,0.65
8/5/20,0,0.6875
8/5/20,0,0.8
8/5/20,0,0.916666667
8/5/20,0,1
8/5/20,0.004166667,0.270833333
8/5/20,0.007142857,0.414285714
8/5/20,0.016666667,0.158333333
8/5/20,0.025,0.05
8/5/20,0.025,0.25
8/5/20,0.027777778,0.638888889
8/5/20,0.029166667,0.575
8/5/20,0.033333333,0.066666667
8/5/20,0.033333333,0.2
8/5/20,0.034090909,0.454545455
8/5/20,0.0375,0.1125
8/5/20,0.044642857,0.473214286
8/5/20,0.05,0.2
8/5/20,0.05,0.25
8/5/20,0.05,0.5375
8/5/20,0.051136364,0.335227273
8/5/20,0.068181818,0.227272727
8/5/20,0.068181818,0.25
8/5/20,0.068181818,0.277272727
8/5/20,0.068181818,0.5
8/5/20,0.068181818,0.602272727
8/5/20,0.068181818,0.727272727
8/5/20,0.075,0.35
8/5/20,0.084090909,0.4
8/5/20,0.1,0.05
8/5/20,0.1,0.1
8/5/20,0.1,0.166666667
8/5/20,0.1,0.2
8/5/20,0.1,0.3
8/5/20,0.1,0.383333333
8/5/20,0.1,0.4
8/5/20,0.1,0.5
8/5/20,0.1,0.5
8/5/20,0.1,0.6
8/5/20,0.1,1
8/5/20,0.107142857,0.464285714
8/5/20,0.1125,0.3375
8/5/20,0.118181818,0.327272727
8/5/20,0.125,0.166666667
8/5/20,0.125,0.291666667
8/5/20,0.133333333,0.3
8/5/20,0.136174242,0.535416667
8/5/20,0.136363636,0.454545455
8/5/20,0.136363636,0.5
8/5/20,0.1375,0.5875
8/5/20,0.15,0.15
8/5/20,0.15,0.3
8/5/20,0.15,0.5
8/5/20,0.159090909,0.292929293
8/5/20,0.16,0.54
8/5/20,0.166666667,0.333333333
8/5/20,0.167676768,0.518181818
8/5/20,0.175,0.475
8/5/20,0.175,0.5
8/5/20,0.175,0.65
8/5/20,0.181818182,0.5
8/5/20,0.1875,0.875
8/5/20,0.2,0.1
8/5/20,0.2,0.2
8/5/20,0.2,0.35
8/5/20,0.2,0.416666667
8/5/20,0.2,0.45
8/5/20,0.2,0.45
8/5/20,0.2,0.466666667
8/5/20,0.2,0.5
8/5/20,0.2,0.9
8/5/20,0.2,1
8/5/20,0.212121212,0.484848485
8/5/20,0.214285714,0.428571429
8/5/20,0.227272727,0.545454545
8/5/20,0.23,0.37
8/5/20,0.238636364,0.439393939
8/5/20,0.25,0.25
8/5/20,0.25,0.283333333
8/5/20,0.25,0.3
8/5/20,0.25,0.333333333
8/5/20,0.25,0.4
8/5/20,0.25,0.65
8/5/20,0.25,0.75
8/5/20,0.25,0.8
8/5/20,0.25,0.85
8/5/20,0.268181818,0.727272727
8/5/20,0.275,0.475
8/5/20,0.285714286,0.535714286
8/5/20,0.293181818,0.652272727
8/5/20,0.3,0.2
8/5/20,0.3,0.35
8/5/20,0.3,0.5
8/5/20,0.3,0.9
8/5/20,0.318181818,0.477272727
8/5/20,0.325,0.416666667
8/5/20,0.333333333,0.5
8/5/20,0.35,0.35
8/5/20,0.35,0.8
8/5/20,0.357142857,0.571428571
8/5/20,0.375,0.75
8/5/20,0.375,0.875
8/5/20,0.4,0.5
8/5/20,0.4,0.633333333
8/5/20,0.4,0.8
8/5/20,0.4,0.9
8/5/20,0.4,1
8/5/20,0.433333333,0.733333333
8/5/20,0.441666667,0.808333333
8/5/20,0.45,0.25
8/5/20,0.45,0.85
8/5/20,0.468181818,0.677272727
8/5/20,0.5,0.5
8/5/20,0.5,0.6
8/5/20,0.5,0.675
8/5/20,0.5,0.833333333
8/5/20,0.5,0.9
8/5/20,0.5,1
8/5/20,0.528571429,0.645238095
8/5/20,0.55,0.95
8/5/20,0.568181818,0.377272727
8/5/20,0.6,0.75
8/5/20,0.6,0.9
8/5/20,0.6,1
8/5/20,0.607142857,0.435714286
8/5/20,1,1
8/4/20,-0.9,1
8/4/20,-0.8,0.2
8/4/20,-0.8,0.9
8/4/20,-0.8,1
8/4/20,-0.75,0.75
8/4/20,-0.7,0.666666667
8/4/20,-0.6,0.8
8/4/20,-0.6,0.9
8/4/20,-0.6,1
8/4/20,-0.533333333,0.6
8/4/20,-0.5,0.2
8/4/20,-0.5,0.3
8/4/20,-0.5,0.3
8/4/20,-0.5,0.5
8/4/20,-0.5,0.533333333
8/4/20,-0.5,0.55
8/4/20,-0.5,1
8/4/20,-0.458333333,0.6
8/4/20,-0.4075,0.7575
8/4/20,-0.4,0.4
8/4/20,-0.4,0.55
8/4/20,-0.4,0.6
8/4/20,-0.4,0.7
8/4/20,-0.388888889,0.833333333
8/4/20,-0.375,0.625
8/4/20,-0.35,0.55
8/4/20,-0.35,0.6
8/4/20,-0.35,0.9
8/4/20,-0.333333333,0.5
8/4/20,-0.333333333,0.666666667
8/4/20,-0.316666667,0.3
8/4/20,-0.3125,0.6875
8/4/20,-0.3,0.1
8/4/20,-0.3,0.4
8/4/20,-0.3,0.55
8/4/20,-0.3,0.6
8/4/20,-0.3,0.95
8/4/20,-0.26,1
8/4/20,-0.25,0.2
8/4/20,-0.25,0.35
8/4/20,-0.25,0.4
8/4/20,-0.25,0.5
8/4/20,-0.25,0.75
8/4/20,-0.24,0.293333333
8/4/20,-0.233333333,0.283333333
8/4/20,-0.2125,0.2375
8/4/20,-0.208333333,0.491666667
8/4/20,-0.2,0
8/4/20,-0.2,0.05
8/4/20,-0.2,0.1
8/4/20,-0.2,0.216666667
8/4/20,-0.2,0.225
8/4/20,-0.2,0.266666667
8/4/20,-0.2,0.3
8/4/20,-0.2,0.4
8/4/20,-0.2,0.5
8/4/20,-0.2,0.6
8/4/20,-0.191666667,0.7
8/4/20,-0.183333333,0.308333333
8/4/20,-0.178571429,0.285714286
8/4/20,-0.166666667,0.333333333
8/4/20,-0.166666667,0.433333333
8/4/20,-0.166666667,0.583333333
8/4/20,-0.166666667,0.833333333
8/4/20,-0.166666667,1
8/4/20,-0.161111111,0.361111111
8/4/20,-0.155555556,0.288888889
8/4/20,-0.15,0.7
8/4/20,-0.144444444,0.466666667
8/4/20,-0.133333333,0.166666667
8/4/20,-0.133333333,0.316666667
8/4/20,-0.133333333,0.6
8/4/20,-0.126262626,0.643939394
8/4/20,-0.125,0.125
8/4/20,-0.125,0.375
8/4/20,-0.125,1
8/4/20,-0.122222222,0.555555556
8/4/20,-0.116666667,0.2
8/4/20,-0.116666667,0.4
8/4/20,-0.116666667,0.533333333
8/4/20,-0.1125,0.3875
8/4/20,-0.102380952,0.407142857
8/4/20,-0.1,0
8/4/20,-0.1,0.1
8/4/20,-0.1,0.2
8/4/20,-0.1,0.25
8/4/20,-0.1,0.4
8/4/20,-0.1,0.5
8/4/20,-0.1,0.583333333
8/4/20,-0.1,0.7
8/4/20,-0.1,0.75
8/4/20,-0.1,0.8
8/4/20,-0.09375,0.45
8/4/20,-0.089285714,0.176190476
8/4/20,-0.083333333,0.527777778
8/4/20,-0.077777778,0.144444444
8/4/20,-0.076923077,0.269230769
8/4/20,-0.075,0.125
8/4/20,-0.075,0.15
8/4/20,-0.071428571,0.214285714
8/4/20,-0.07,0.47
8/4/20,-0.066666667,0.555555556
8/4/20,-0.0625,0.1875
8/4/20,-0.0625,0.2375
8/4/20,-0.052727273,0.2
8/4/20,-0.05,0
8/4/20,-0.05,0.035416667
8/4/20,-0.05,0.05
8/4/20,-0.05,0.1
8/4/20,-0.05,0.166666667
8/4/20,-0.05,0.183333333
8/4/20,-0.05,0.2
8/4/20,-0.05,0.25
8/4/20,-0.05,0.4
8/4/20,-0.05,0.45
8/4/20,-0.05,0.65
8/4/20,-0.033333333,0
8/4/20,-0.025,0.096428571
8/4/20,-0.022222222,0.688888889
8/4/20,-0.021212121,0.366666667
8/4/20,-0.02,0.47
8/4/20,-0.018686869,0.548484848
8/4/20,-0.015151515,0.310606061
8/4/20,-0.006818182,0.45
8/4/20,0,0.05
8/4/20,0,0.066666667
8/4/20,0,0.076923077
8/4/20,0,0.1
8/4/20,0,0.125
8/4/20,0,0.142857143
8/4/20,0,0.25
8/4/20,0,0.3
8/4/20,0,0.35
8/4/20,0,0.375
8/4/20,0,0.388888889
8/4/20,0,0.4
8/4/20,0,0.5
8/4/20,0,0.75
8/4/20,0,0.8
8/4/20,0,0.825
8/4/20,0,1
8/4/20,0.002840909,0.351136364
8/4/20,0.011111111,0.633333333
8/4/20,0.018181818,0.277272727
8/4/20,0.021645022,0.222943723
8/4/20,0.022222222,0.633333333
8/4/20,0.022727273,0.429292929
8/4/20,0.033333333,0.066666667
8/4/20,0.034090909,0.454545455
8/4/20,0.045454545,0.313888889
8/4/20,0.05,0.1
8/4/20,0.05,0.15
8/4/20,0.05,0.2
8/4/20,0.05,0.2625
8/4/20,0.05,0.3
8/4/20,0.05,0.45
8/4/20,0.05,0.5
8/4/20,0.05,0.65
8/4/20,0.05,0.75
8/4/20,0.055357143,0.355357143
8/4/20,0.0625,0.5
8/4/20,0.068181818,0.227272727
8/4/20,0.068181818,0.25
8/4/20,0.068181818,0.277272727
8/4/20,0.068181818,0.289772727
8/4/20,0.068181818,0.377272727
8/4/20,0.068181818,0.427272727
8/4/20,0.068181818,0.727272727
8/4/20,0.075,0.125
8/4/20,0.08,0.27
8/4/20,0.083333333,0.166666667
8/4/20,0.084848485,0.260606061
8/4/20,0.0875,0.35
8/4/20,0.090909091,0.318181818
8/4/20,0.095238095,0.502380952
8/4/20,0.1,0
8/4/20,0.1,0.1
8/4/20,0.1,0.2
8/4/20,0.1,0.3
8/4/20,0.1,0.35
8/4/20,0.1,0.4
8/4/20,0.1,0.45
8/4/20,0.1,0.45
8/4/20,0.1,0.825
8/4/20,0.107142857,0.3
8/4/20,0.113636364,0.272727273
8/4/20,0.113636364,0.522727273
8/4/20,0.125,0.166666667
8/4/20,0.125,0.208333333
8/4/20,0.125,0.216666667
8/4/20,0.125,0.425
8/4/20,0.13,0.461666667
8/4/20,0.136363636,0.454545455
8/4/20,0.136363636,0.477272727
8/4/20,0.136363636,0.5
8/4/20,0.139814815,0.471296296
8/4/20,0.141666667,0.2
8/4/20,0.142857143,0.267857143
8/4/20,0.148181818,0.497272727
8/4/20,0.15,0.15
8/4/20,0.15,0.466666667
8/4/20,0.15,0.5125
8/4/20,0.15,0.55
8/4/20,0.15,0.7
8/4/20,0.16,0.54
8/4/20,0.166666667,0.25
8/4/20,0.166666667,0.527777778
8/4/20,0.168181818,0.427272727
8/4/20,0.178571429,0.285714286
8/4/20,0.193181818,0.393939394
8/4/20,0.193181818,0.416666667
8/4/20,0.193181818,0.727272727
8/4/20,0.2,0.1
8/4/20,0.2,0.2
8/4/20,0.2,0.3
8/4/20,0.2,0.55
8/4/20,0.2,0.6
8/4/20,0.2,0.7
8/4/20,0.212121212,0.651515152
8/4/20,0.2125,0.441666667
8/4/20,0.216666667,0.483333333
8/4/20,0.218181818,0.5
8/4/20,0.227272727,0.545454545
8/4/20,0.25,0.25
8/4/20,0.25,0.333333333
8/4/20,0.25,0.5
8/4/20,0.25,0.55
8/4/20,0.25,0.85
8/4/20,0.266666667,0.65
8/4/20,0.268181818,0.477272727
8/4/20,0.268181818,0.65
8/4/20,0.268181818,0.75
8/4/20,0.275,0.475
8/4/20,0.278787879,0.514478114
8/4/20,0.285714286,0.535714286
8/4/20,0.3,0.1
8/4/20,0.3,0.4
8/4/20,0.3,0.416666667
8/4/20,0.3,0.45
8/4/20,0.3,0.5
8/4/20,0.3,0.6
8/4/20,0.3,1
8/4/20,0.318181818,0.477272727
8/4/20,0.318181818,0.5
8/4/20,0.318181818,0.527272727
8/4/20,0.333333333,0.5
8/4/20,0.333333333,0.65
8/4/20,0.333333333,0.666666667
8/4/20,0.333333333,0.8
8/4/20,0.343181818,0.702272727
8/4/20,0.35,0.244444444
8/4/20,0.357142857,0.571428571
8/4/20,0.368181818,0.677272727
8/4/20,0.4,0.1
8/4/20,0.4,0.375
8/4/20,0.4,0.516666667
8/4/20,0.4,0.6
8/4/20,0.4,0.7
8/4/20,0.4,0.9
8/4/20,0.4,1
8/4/20,0.416666667,0.5
8/4/20,0.416666667,0.583333333
8/4/20,0.433333333,0.733333333
8/4/20,0.433333333,0.833333333
8/4/20,0.5,0.15
8/4/20,0.5,0.5
8/4/20,0.5,0.75
8/4/20,0.5,0.9
8/4/20,0.5,1
8/4/20,0.55,0.55
8/4/20,0.6,0.5
8/4/20,0.6,0.6
8/4/20,0.6,1
8/4/20,0.608333333,0.7
8/4/20,0.7,0.6
8/4/20,0.7,0.9
8/4/20,0.75,0.95
8/4/20,0.8,0.4
8/4/20,0.8,0.9
8/4/20,0.8,1
8/4/20,1,1
8/3/20,-1,1
8/3/20,-0.714285714,0.857142857
8/3/20,-0.7,0.666666667
8/3/20,-0.7,0.75
8/3/20,-0.625,1
8/3/20,-0.6,0.8
8/3/20,-0.6,0.9
8/3/20,-0.566666667,0.833333333
8/3/20,-0.5,0.5
8/3/20,-0.5,0.8
8/3/20,-0.5,0.9
8/3/20,-0.5,1
8/3/20,-0.4,0.4
8/3/20,-0.4,0.6
8/3/20,-0.4,1
8/3/20,-0.375,0.5
8/3/20,-0.35,0.333333333
8/3/20,-0.35,0.5
8/3/20,-0.3,0.2
8/3/20,-0.3,0.4
8/3/20,-0.3,0.55
8/3/20,-0.291666667,0.541666667
8/3/20,-0.26875,0.6
8/3/20,-0.25,0.15
8/3/20,-0.25,0.4
8/3/20,-0.25,0.4
8/3/20,-0.25,0.55
8/3/20,-0.25,0.75
8/3/20,-0.24375,0.55
8/3/20,-0.2,0
8/3/20,-0.2,0.05
8/3/20,-0.2,0.2
8/3/20,-0.2,0.3
8/3/20,-0.2,0.35
8/3/20,-0.2,0.4
8/3/20,-0.2,0.5
8/3/20,-0.2,0.5
8/3/20,-0.2,0.85
8/3/20,-0.1875,0.8125
8/3/20,-0.166666667,0.066666667
8/3/20,-0.166666667,0.333333333
8/3/20,-0.166666667,0.433333333
8/3/20,-0.163888889,0.305555556
8/3/20,-0.1625,0.408333333
8/3/20,-0.155555556,0.288888889
8/3/20,-0.15,0.05
8/3/20,-0.15,0.075
8/3/20,-0.15,0.4
8/3/20,-0.15,0.5
8/3/20,-0.140277778,0.206944444
8/3/20,-0.133333333,0.6
8/3/20,-0.125,0.125
8/3/20,-0.125,0.2
8/3/20,-0.125,0.25
8/3/20,-0.125,0.375
8/3/20,-0.1125,0.2375
8/3/20,-0.1,0
8/3/20,-0.1,0.075
8/3/20,-0.1,0.1
8/3/20,-0.1,0.15
8/3/20,-0.1,0.2
8/3/20,-0.1,0.4
8/3/20,-0.1,0.533333333
8/3/20,-0.1,0.6
8/3/20,-0.096296296,0.296296296
8/3/20,-0.083838384,0.333333333
8/3/20,-0.083333333,0.266666667
8/3/20,-0.081818182,0.427272727
8/3/20,-0.075,0.05
8/3/20,-0.068181818,0.454545455
8/3/20,-0.066666667,0.5
8/3/20,-0.0625,0.1875
8/3/20,-0.05,0
8/3/20,-0.05,0.05
8/3/20,-0.05,0.175
8/3/20,-0.05,0.2
8/3/20,-0.05,0.4
8/3/20,-0.05,0.5
8/3/20,-0.025,0.033333333
8/3/20,-0.025,0.1
8/3/20,-0.016666667,0.45
8/3/20,-0.0125,0
8/3/20,-0.005777778,0.514666667
8/3/20,0,0.05
8/3/20,0,0.066666667
8/3/20,0,0.095833333
8/3/20,0,0.1
8/3/20,0,0.125
8/3/20,0,0.142857143
8/3/20,0,0.166666667
8/3/20,0,0.183333333
8/3/20,0,0.25
8/3/20,0,0.275
8/3/20,0,0.283333333
8/3/20,0,0.375
8/3/20,0,0.4
8/3/20,0,0.5
8/3/20,0,0.6
8/3/20,0,0.625
8/3/20,0,0.75
8/3/20,0,0.833333333
8/3/20,0,1
8/3/20,0.016666667,0.033333333
8/3/20,0.016666667,0.333333333
8/3/20,0.016666667,0.45
8/3/20,0.023232323,0.207070707
8/3/20,0.025,0.675
8/3/20,0.027777778,0.616666667
8/3/20,0.033333333,0.066666667
8/3/20,0.033333333,0.416666667
8/3/20,0.038888889,0.466666667
8/3/20,0.045454545,0.184848485
8/3/20,0.05,0.133333333
8/3/20,0.05,0.2
8/3/20,0.05,0.35
8/3/20,0.05,0.5
8/3/20,0.053333333,0.196666667
8/3/20,0.05625,0.5
8/3/20,0.0625,0.5
8/3/20,0.068181818,0.277272727
8/3/20,0.068181818,0.352272727
8/3/20,0.068181818,0.377272727
8/3/20,0.068181818,0.427272727
8/3/20,0.068181818,0.527272727
8/3/20,0.068181818,0.727272727
8/3/20,0.072222222,0.519444444
8/3/20,0.078787879,0.451515152
8/3/20,0.08,0.27
8/3/20,0.08,0.303333333
8/3/20,0.083333333,1
8/3/20,0.1,0
8/3/20,0.1,0.1
8/3/20,0.1,0.183333333
8/3/20,0.1,0.35
8/3/20,0.1,0.4
8/3/20,0.1,0.5
8/3/20,0.1,1
8/3/20,0.101515152,0.527272727
8/3/20,0.112121212,0.384848485
8/3/20,0.113636364,0.272727273
8/3/20,0.113636364,0.460227273
8/3/20,0.113636364,0.672727273
8/3/20,0.125,0.229166667
8/3/20,0.125,0.25
8/3/20,0.125,0.5
8/3/20,0.133333333,0.3
8/3/20,0.136363636,0.454545455
8/3/20,0.136363636,0.477272727
8/3/20,0.141666667,0.2
8/3/20,0.15,0.45
8/3/20,0.15,0.641666667
8/3/20,0.16,0.54
8/3/20,0.166666667,0.2
8/3/20,0.166666667,0.716666667
8/3/20,0.175,0.75
8/3/20,0.177777778,0.188888889
8/3/20,0.177777778,0.644444444
8/3/20,0.1875,0.4375
8/3/20,0.192222222,0.68
8/3/20,0.2,0.1
8/3/20,0.2,0.2
8/3/20,0.2,0.3
8/3/20,0.2,0.4
8/3/20,0.2,0.5
8/3/20,0.2,0.55
8/3/20,0.2,0.8
8/3/20,0.2,0.95
8/3/20,0.212121212,0.318181818
8/3/20,0.212121212,0.351515152
8/3/20,0.214285714,0.428571429
8/3/20,0.214285714,0.642857143
8/3/20,0.216666667,0.616666667
8/3/20,0.225,0.775
8/3/20,0.227272727,0.545454545
8/3/20,0.228787879,0.484848485
8/3/20,0.24375,0.416666667
8/3/20,0.25,0.25
8/3/20,0.25,0.333333333
8/3/20,0.25,0.45
8/3/20,0.25,0.625
8/3/20,0.25,0.85
8/3/20,0.25,0.95
8/3/20,0.25,1
8/3/20,0.268181818,0.627272727
8/3/20,0.275,0.475
8/3/20,0.3,0.1
8/3/20,0.3,0.2
8/3/20,0.3,0.5
8/3/20,0.3,1
8/3/20,0.309090909,0.538636364
8/3/20,0.318181818,0.477272727
8/3/20,0.333333333,0.5
8/3/20,0.333333333,0.65
8/3/20,0.345454545,0.618181818
8/3/20,0.35,0.55
8/3/20,0.35,0.75
8/3/20,0.35,1
8/3/20,0.366666667,0.7
8/3/20,0.375,0.725
8/3/20,0.375,0.75
8/3/20,0.4,0.3875
8/3/20,0.4,0.5
8/3/20,0.4,0.65
8/3/20,0.4,0.8
8/3/20,0.4,0.9
8/3/20,0.4,1
8/3/20,0.433333333,0.733333333
8/3/20,0.45,0.55
8/3/20,0.5,0.5
8/3/20,0.5,0.625
8/3/20,0.5,0.75
8/3/20,0.5,0.888888889
8/3/20,0.5,0.9
8/3/20,0.5,1
8/3/20,0.575,0.975
8/3/20,0.6,0.2
8/3/20,0.6,0.6
8/3/20,0.6,1
8/3/20,0.7,0.1
8/3/20,0.7,0.9
8/3/20,0.8,0.9
8/3/20,1,0.3
8/2/20,-0.8,1
8/2/20,-0.6,0.6
8/2/20,-0.52,0.78
8/2/20,-0.5,0.5
8/2/20,-0.5,1
8/2/20,-0.4,0.525
8/2/20,-0.4,0.7
8/2/20,-0.333333333,0.666666667
8/2/20,-0.3,0.4
8/2/20,-0.3,0.45
8/2/20,-0.3,0.5
8/2/20,-0.291666667,0.541666667
8/2/20,-0.25,0.4
8/2/20,-0.233333333,0.283333333
8/2/20,-0.231818182,0.627272727
8/2/20,-0.2,0
8/2/20,-0.2,0.05
8/2/20,-0.2,0.35
8/2/20,-0.155555556,0.288888889
8/2/20,-0.125,0.375
8/2/20,-0.1,0.058333333
8/2/20,-0.1,0.1
8/2/20,-0.083333333,0.083333333
8/2/20,-0.077777778,0.644444444
8/2/20,-0.05,0
8/2/20,-0.05,0.121428571
8/2/20,-0.05,0.2
8/2/20,-0.033333333,0.2
8/2/20,-0.015151515,0.310606061
8/2/20,0,0.066666667
8/2/20,0,0.1
8/2/20,0,0.125
8/2/20,0,0.25
8/2/20,0,1
8/2/20,2.78E-17,0.65
8/2/20,0.001515152,0.527272727
8/2/20,0.025,0.35
8/2/20,0.05,1
8/2/20,0.056565657,0.173737374
8/2/20,0.0625,0.5
8/2/20,0.068181818,0.727272727
8/2/20,0.083333333,0.35
8/2/20,0.1,0.1
8/2/20,0.1,0.383333333
8/2/20,0.112121212,0.484848485
8/2/20,0.122727273,0.3
8/2/20,0.136363636,0.454545455
8/2/20,0.15,0.15
8/2/20,0.16,0.54
8/2/20,0.181818182,0.5
8/2/20,0.2,0.2
8/2/20,0.208333333,0.416666667
8/2/20,0.216666667,0.311111111
8/2/20,0.216666667,0.766666667
8/2/20,0.225,0.375
8/2/20,0.227272727,0.545454545
8/2/20,0.25,0.333333333
8/2/20,0.3,0.1
8/2/20,0.3,0.5
8/2/20,0.353571429,0.610714286
8/2/20,0.4,0.2
8/2/20,0.4,0.8
8/2/20,0.458333333,0.7
8/2/20,0.5,0.5
8/2/20,0.5,0.9
8/2/20,0.5,1
8/2/20,0.8,0.4
8/2/20,0.8,1
8/2/20,1,0.3
8/1/20,0,0.375
8/1/20,0.05,0.35
8/1/20,0.175,0.341666667
8/1/20,0.285714286,0.535714286
8/1/20,0.4,1
7/24/20,-0.125,0.125
7/24/20,-0.1,0.1
7/17/20,0.068181818,0.260606061
7/15/20,0.2,0.5
7/13/20,-0.0625,0.5875
7/9/20,0,0.5
7/9/20,0.333333333,0.5
7/6/20,-0.155555556,0.288888889
7/6/20,0.5,0.5
6/30/20,0.5,0.5
6/29/20,0.068181818,0.602272727
6/25/20,0.2,0.5
6/24/20,-0.3,0.2
6/22/20,0.5,1
6/13/20,0.4,1
5/5/20,-0.125,0.375
4/29/20,0.166666667,0.833333333
4/28/20,0.166666667,0.833333333
4/22/20,-0.6,1
4/22/20,0,1
4/17/20,0.063636364,0.272727273
4/17/20,0.45,0.2
4/15/20,-0.1,0.1
4/14/20,0.136363636,0.454545455
4/1/20,0.1,0.4
3/18/20,-0.6,0.9
3/10/20,0.05,0.15
3/9/20,-0.125,0.375
3/6/20,0.03,0.086666667
1/21/20,0.1,0.4
1/11/20,0.35,0.75
12/12/19,-0.3,0.2
10/29/19,-0.125,0.375
9/14/19,0.136363636,0.454545455
7/10/19,0.418181818,0.527272727
6/21/19,0.35,0.65
6/6/19,0.05,0.5
4/23/19,-0.077777778,0.144444444
10/1/18,0.5,1
8/25/18,0.136363636,0.454545455